
> cofre-budget@0.0.0 dev:web
> nx dev web


[2m> [22m[2mnx run[22m web:dev

[2m> [22mnext dev

[1m[38;2;173;127;168m▲ Next.js 16.1.7[39m[22m (Turbopack)
- Local:         http://localhost:3000
- Network:       http://10.0.0.136:3000

[32m[1m✓[22m[39m Starting...
[37m[1m○[22m[39m Compiling middleware ...
[33m[1m⚠[22m[39m The "middleware" file convention is deprecated. Please use "proxy" instead. Learn more: https://nextjs.org/docs/messages/middleware-to-proxy
[32m[1m✓[22m[39m Ready in 59.1s
[37m[1m○[22m[39m Compiling /login ...




<--- Last few GCs --->
<--- Last few GCs --->
#


# Fatal process out of memory: Re-embedded builtins: set permissions
[59184:0000013FB00E9000]       93 ms: Scavenge 6.4 (8.5) -> 5.5 (10.1) MB, pooled: 0 MB, 3.71 / 0.00 ms  (average mu = 1.000, current mu = 1.000) allocation failure; 
[59152:00000237FEFB3000]     1192 ms: Scavenge 16.2 (21.4) -> 14.2 (30.2) MB, pooled: 0 MB, 1.80 / 0.00 ms  (average mu = 1.000, current mu = 1.000) allocation failure; 
#
[59184:0000013FB00E9000]      221 ms: Scavenge 8.7 (11.7) -> 7.8 (11.7) MB, pooled: 0 MB, 0.92 / 0.00 ms  (average mu = 1.000, current mu = 1.000) allocation failure; 
[59152:00000237FEFB3000]     1233 ms: Scavenge 21.8 (30.2) -> 15.5 (31.7) MB, pooled: 0 MB, 1.11 / 0.00 ms  (average mu = 1.000, current mu = 1.000) allocation failure; 
----- Native stack trace -----

[59152:00000237FEFB3000]     1272 ms: Scavenge 23.1 (32.7) -> 17.5 (33.2) MB, pooled: 0 MB, 2.41 / 0.00 ms  (average mu = 1.000, current mu = 1.000) allocation failure; 


FATAL ERROR: NewSpace::EnsureCurrentCapacity Allocation failed - JavaScript heap out of memory
----- Native stack trace -----
FATAL ERROR: Zone Allocation failed - process out of memory
 1: 00007FF6474CEF0D 

----- Native stack trace -----
 1: 00007FF64757AD5F 
 2: 00007FF648921D66 

 3: 00007FF6481C32B6 
 2: 00007FF6481C32D7 
 3: 00007FF647FC3997 
 4: 00007FF64802A22E 
 4: 00007FF647F84433 
 5: 00007FF64805D80F 
 5: 00007FF647FC5D9A 
 6: 00007FF64805E2C2 
 6: 00007FF647FC53C6 
 7: 00007FF64805ECA2 
 7: 00007FF647FD6352 
 8: 00007FF647B5C263 
 8: 00007FF647FD5E7B 
 9: 00007FF6481EE496 
 9: 00007FF64943E7ED 
10: 00007FF647688C5D 
10: 00007FF647FC1460 
11: 00007FF6473E5B84 
11: 00007FF647FE7B91 
12: 00007FF6473E4F19 
12: 00007FF648002D04 
13: 00007FF6473EEC30 
13: 00007FF648002BDC 
14: 00007FF648218646 
14: 00007FF647FE9D29 
15: 00007FF649459FB3 
15: 00007FF647FE9E92 
16: 00007FFDC4097374 
16: 00007FF6481C30D2 
17: 00007FFDC54DCC91 
17: 00007FF647555F35 
18: 0000013FE870F64D 


#
# Fatal process out of memory: Re-embedded builtins: set permissions
#
----- Native stack trace -----

 1: 00007FF6474CEF0D 
 2: 00007FF648921D66 
 3: 00007FF6481C32B6 
 4: 00007FF64802A22E 
 5: 00007FF64805D80F 
 6: 00007FF64805E2C2 
 7: 00007FF64805ECA2 
 8: 00007FF647B5C263 
 9: 00007FF6481EE496 
10: 00007FF647688C5D 
11: 00007FF6473E5B84 
12: 00007FF6473E4F19 
13: 00007FF6473EEC30 
14: 00007FF648218646 
15: 00007FF649459FB3 
16: 00007FFDC4097374 BaseThreadInitThunk+20
17: 00007FFDC54DCC91 RtlUserThreadStart+33

<--- Last few GCs --->

[59168:00000274F8F1C000]       47 ms: Scavenge 6.4 (8.8) -> 5.5 (10.3) MB, pooled: 0 MB, 0.68 / 0.00 ms  (average mu = 1.000, current mu = 1.000) allocation failure; 
[59168:00000274F8F1C000]       92 ms: Scavenge 8.7 (11.7) -> 7.8 (11.7) MB, pooled: 0 MB, 0.78 / 0.00 ms  (average mu = 1.000, current mu = 1.000) allocation failure; 

FATAL ERROR: Zone Allocation failed - process out of memory
----- Native stack trace -----

 1: 00007FF64757AD5F 
 2: 00007FF6481C32D7 
 3: 00007FF647B3E076 
 4: 00007FF6476FF4FA 
 5: 00007FF647EB6C06 
 6: 00007FF647EBD959 
 7: 00007FF647EBE9AB 
 8: 00007FF647EC6229 
 9: 00007FF647EB76D5 
10: 00007FF647EB594B 
11: 00007FF647EB5CD0 
12: 00007FF647EB4EEB 
13: 00007FF647EB435F 
14: 00007FF647EB2B6F 
15: 00007FF647EA9E16 
16: 00007FF648147FCF 
17: 00007FF64813E8E8 
18: 00007FF648141084 
19: 00007FF648143A81 
20: 00007FF6481CC793 
21: 00007FF647597733 
22: 00007FF647595ECD 
23: 00000274B7DCF64D 

<--- Last few GCs --->
[58928:0000025ABD886000]       24 ms: Scavenge 3.3 (4.3) -> 2.6 (5.3) MB, pooled: 0 MB, 0.46 / 0.00 ms  (average mu = 1.000, current mu = 1.000) allocation failure; 

FATAL ERROR: MarkCompactCollector: young object promotion failed Allocation failed - JavaScript heap out of memory
----- Native stack trace -----

 1: 00007FF64757AD5F 
 2: 00007FF6481C32D7 
 3: 00007FF647FC3997 
 4: 00007FF647FA32AE 
 5: 00007FF647F9896D 
 6: 00007FF647F9861C 
 7: 00007FF647F98261 
 8: 00007FF647FAA758 
 9: 00007FF64899593F 
10: 00007FF6474CADCE 
11: 00007FF648218646 
12: 00007FF649459FB3 
13: 00007FFDC4097374 
14: 00007FFDC54DCC91 

<--- Last few GCs --->

[17208:0000029CD6997000]      381 ms: Scavenge 13.1 (18.6) -> 11.1 (19.2) MB, pooled: 0 MB, 1.29 / 0.00 ms  (average mu = 1.000, current mu = 1.000) task; 
[17208:0000029CD6997000]      420 ms: Scavenge 14.8 (19.9) -> 13.2 (21.2) MB, pooled: 0 MB, 0.90 / 0.00 ms  (average mu = 1.000, current mu = 1.000) allocation failure; 
[17208:0000029CD6997000]      499 ms: Scavenge 16.2 (21.7) -> 14.3 (22.7) MB, pooled: 0 MB, 2.63 / 0.00 ms  (average mu = 1.000, current mu = 1.000) allocation failure; 

FATAL ERROR: Zone Allocation failed - process out of memory
----- Native stack trace -----

 1: 00007FF64757AD5F 
 2: 00007FF6481C32D7 
 3: 00007FF647B3E076 
 4: 00007FF6476FF2A3 
 5: 00007FF648F03321 
 6: 00007FF648F0312E 
 7: 00007FF648BA0D36 
 8: 00007FF648B97E4B 
 9: 00007FF648B972B0 
10: 00007FF648136F0F 
11: 00007FF6480FBF9D 
12: 00007FF6480FBC95 
13: 00007FF64899593F 
14: 00007FF6474CADCE 
15: 00007FF648218646 
16: 00007FF649459FB3 
17: 00007FFDC4097374 BaseThreadInitThunk+20
18: 00007FFDC54DCC91 

<--- Last few GCs --->



#
# Fatal JavaScript out of memory: MemoryChunk allocation failed during deserialization.
#
----- Native stack trace -----


<--- Last few GCs --->

[58928:0000011E84C34000]       48 ms: Scavenge 6.4 (8.5) -> 5.5 (10.1) MB, pooled: 0 MB, 0.70 / 0.00 ms  (average mu = 1.000, current mu = 1.000) allocation failure; 
[58928:0000011E84C34000]      115 ms: Scavenge 8.7 (11.7) -> 7.8 (11.7) MB, pooled: 0 MB, 0.64 / 0.00 ms  (average mu = 1.000, current mu = 1.000) allocation failure; 
[58928:0000011E84C34000]      155 ms: Scavenge 9.9 (12.9) -> 9.2 (17.4) MB, pooled: 0 MB, 2.11 / 0.00 ms  (average mu = 1.000, current mu = 1.000) allocation failure; 

FATAL ERROR: Zone Allocation failed - process out of memory
----- Native stack trace -----

 1: 00007FF64757AD5F 
 2: 00007FF6481C32D7 
 3: 00007FF647B3E076 
 4: 00007FF648D934F7 
 5: 00007FF648D92D4F 
 6: 00007FF648D92BCF 
 7: 00007FF648B9F5C6 
 8: 00007FF648B97E36 
 9: 00007FF648B972B0 
10: 00007FF648136F0F 
11: 00007FF6480FBF9D 
12: 00007FF6480FBC95 
13: 00007FF64899593F 
14: 00007FF6474CADCE 
15: 00007FF648218646 
16: 00007FF649459FB3 
17: 00007FFDC4097374 
18: 00007FFDC54DCC91 
 1: 00007FF6474CEF0D 
 2: 00007FF648921D66 
 3: 00007FF6481C32B6 
 4: 00007FF647FC3997 
 5: 00007FF647F75BEA 
 6: 00007FF647F75CAC 
 7: 00007FF647F7659B 
 8: 00007FF647F4D7F1 
 9: 00007FF647FB36A3 
10: 00007FF647FB340E 
11: 00007FF647FB21F8 
12: 00007FF647FB217A 
13: 00007FF647FDBC15 
14: 00007FF647B79938 
15: 00007FF647B7770C 
16: 00007FF647B7E98E 
17: 00007FF647B7813D 
18: 00007FF647FCB958 
19: 00007FF647B56623 
20: 00007FF64805E8AC 
21: 00007FF64805ECA2 
22: 00007FF647B5C263 
23: 00007FF6481EE496 
24: 00007FF647688C5D 
25: 00007FF6473E5B84 
26: 00007FF6473E4F19 
27: 00007FF6473EEC30 
28: 00007FF648218646 
29: 00007FF649459FB3 
30: 00007FFDC4097374 
31: 00007FFDC54DCC91 

<--- Last few GCs --->

[55604:0000018CD3C57000]      133 ms: Scavenge 9.9 (13.2) -> 9.2 (17.9) MB, pooled: 0 MB, 0.96 / 0.00 ms  (average mu = 1.000, current mu = 1.000) allocation failure; 
[55604:0000018CD3C57000]      247 ms: Scavenge 13.1 (18.6) -> 11.2 (19.2) MB, pooled: 0 MB, 0.87 / 0.00 ms  (average mu = 1.000, current mu = 1.000) task; 
[55604:0000018CD3C57000]      288 ms: Scavenge 14.8 (19.4) -> 13.1 (20.7) MB, pooled: 0 MB, 1.27 / 0.00 ms  (average mu = 1.000, current mu = 1.000) allocation failure; 

FATAL ERROR: Zone Allocation failed - process out of memory
----- Native stack trace -----

 1: 00007FF64757AD5F 
 2: 00007FF6481C32D7 
 3: 00007FF647B3E076 
 4: 00007FF6476FF2A3 
 5: 00007FF649181E97 
 6: 00007FF649181A3D 
 7: 00007FF648CE7628 
 8: 00007FF648CE6826 
 9: 00007FF648BA1657 
10: 00007FF648B97F71 
11: 00007FF648B97303 
12: 00007FF648136F0F 
13: 00007FF6480FBF9D 
14: 00007FF6480FBC95 
15: 00007FF64899593F 
16: 00007FF6474CADCE 
17: 00007FF648218646 
18: 00007FF649459FB3 
19: 00007FFDC4097374 
20: 00007FFDC54DCC91 

<--- Last few GCs --->

[59336:00000207E63EB000]       88 ms: Scavenge 8.7 (11.7) -> 7.8 (11.7) MB, pooled: 0 MB, 0.79 / 0.00 ms  (average mu = 1.000, current mu = 1.000) allocation failure; 
[59336:00000207E63EB000]      123 ms: Scavenge 9.9 (13.4) -> 9.2 (17.9) MB, pooled: 0 MB, 1.00 / 0.00 ms  (average mu = 1.000, current mu = 1.000) allocation failure; 
[59336:00000207E63EB000]      307 ms: Scavenge 13.1 (18.6) -> 11.1 (19.4) MB, pooled: 0 MB, 1.19 / 0.00 ms  (average mu = 1.000, current mu = 1.000) task; 

FATAL ERROR: Zone Allocation failed - process out of memory
----- Native stack trace -----


<--- Last few GCs --->

[59336:00000207E63EB000]       88 ms: Scavenge 8.7 (11.7) -> 7.8 (11.7) MB, pooled: 0 MB, 0.79 / 0.00 ms  (average mu = 1.000, current mu = 1.000) allocation failure; 
[59336:00000207E63EB000]      123 ms: Scavenge 9.9 (13.4) -> 9.2 (17.9) MB, pooled: 0 MB, 1.00 / 0.00 ms  (average mu = 1.000, current mu = 1.000) allocation failure; 
[59336:00000207E63EB000]      307 ms: Scavenge 13.1 (18.6) -> 11.1 (19.4) MB, pooled: 0 MB, 1.19 / 0.00 ms  (average mu = 1.000, current mu = 1.000) task; 

FATAL ERROR: Zone Allocation failed - process out of memory
----- Native stack trace -----


<--- Last few GCs --->

[59336:00000207E63EB000]       88 ms: Scavenge 8.7 (11.7) -> 7.8 (11.7) MB, pooled: 0 MB, 0.79 / 0.00 ms  (average mu = 1.000, current mu = 1.000) allocation failure; 
[59336:00000207E63EB000]      123 ms: Scavenge 9.9 (13.4) -> 9.2 (17.9) MB, pooled: 0 MB, 1.00 / 0.00 ms  (average mu = 1.000, current mu = 1.000) allocation failure; 
[59336:00000207E63EB000]      307 ms: Scavenge 13.1 (18.6) -> 11.1 (19.4) MB, pooled: 0 MB, 1.19 / 0.00 ms  (average mu = 1.000, current mu = 1.000) task; 

FATAL ERROR: Zone Allocation failed - process out of memory
----- Native stack trace -----

 1: 00007FF64757AD5F 
 2: 00007FF6481C32D7 
 3: 00007FF647B3E076 
 4: 00007FF647967CEB 
 5: 00007FF6479678A2 
 6: 00007FF6479678DB 
 7: 00007FF6479677C3 
 8: 00007FF647967F16 
 9: 00007FF647962454 
10: 00007FF64796A50E 
11: 00007FF64796A283 
12: 00007FF6479CCBD7 
13: 00007FF6479CD4F3 
14: 00007FF6479CC167 
15: 00007FF6479C9643 
16: 00007FF6479C8673 
17: 00007FF6479C845B 
18: 00007FF64799F278 
19: 00007FF647A17356 
20: 00007FF647A16070 
21: 00007FF647A13E6A 
22: 00007FF648136F0F 
23: 00007FF647A1594B 
24: 00007FF64899593F 
25: 00007FF6474CADCE 
26: 00007FF648218646 
27: 00007FF649459FB3 
28: 00007FFDC4097374 
29: 00007FFDC54DCC91 
 1: 00007FF64757AD5F 
 2: 00007FF6481C32D7 
 3: 00007FF647B3E076 
 4: 00007FF648B43EA0 
 5: 00007FF64896D179 
 6: 00007FF647A36226 
 7: 00007FF647A13B1F 
 8: 00007FF64813F583 
 9: 00007FF64814165A 
10: 00007FF647BC4711 
11: 00007FF647BC280F 
12: 000002079FE7733A 

<--- Last few GCs --->

[55688:000001CF7D227000]      475 ms: Scavenge 14.8 (19.7) -> 13.1 (21.2) MB, pooled: 0 MB, 1.01 / 0.00 ms  (average mu = 1.000, current mu = 1.000) allocation failure; 
[55688:000001CF7D227000]      488 ms: Mark-Compact 14.5 (21.4) -> 12.6 (21.4) MB, pooled: 0 MB, 6.83 / 0.00 ms  (average mu = 0.986, current mu = 0.986) allocation failure; GC in old space requested

FATAL ERROR: Committing semi space failed. Allocation failed - JavaScript heap out of memory
----- Native stack trace -----


<--- Last few GCs --->

[58000:000002E425718000]       52 ms: Scavenge 6.4 (8.5) -> 5.5 (10.1) MB, pooled: 0 MB, 1.16 / 0.00 ms  (average mu = 1.000, current mu = 1.000) allocation failure; 
[58000:000002E425718000]      162 ms: Scavenge 8.7 (11.7) -> 7.8 (11.7) MB, pooled: 0 MB, 2.73 / 0.00 ms  (average mu = 1.000, current mu = 1.000) allocation failure; 
[58000:000002E425718000]      203 ms: Scavenge 8.2 (11.9) -> 8.1 (12.9) MB, pooled: 0 MB, 21.48 / 0.00 ms  (average mu = 1.000, current mu = 1.000) allocation failure; 

FATAL ERROR: Committing semi space failed. Allocation failed - JavaScript heap out of memory
----- Native stack trace -----

 1: 00007FF64757AD5F 
 2: 00007FF6481C32D7 
 3: 00007FF647FC3997 
 4: 00007FF647F5C3BB 
 5: 00007FF647F33E0E 
 6: 00007FF647FC6432 
 7: 00007FF647FC53E7 
 8: 00007FF647FD6352 
 9: 00007FF647FD5E7B 
10: 00007FF64943E7ED 
11: 00007FF647FC1460 
12: 00007FF647FDBDBE 
13: 00007FF647FE7B48 
14: 00007FF648002D04 
15: 00007FF648002BDC 
16: 00007FF647FE9D29 
17: 00007FF647FE9E92 
18: 00007FF6481C30D2 
19: 00007FF647555F35 
20: 000002E45D5CF64D 
 1: 00007FF64757AD5F 
 2: 00007FF6481C32D7 
 3: 00007FF647FC3997 
 4: 00007FF647F5C3BB 
 5: 00007FF647F8472A 
 6: 00007FF647FC5D76 
 7: 00007FF647FC53C6 
 8: 00007FF647FD6352 
 9: 00007FF647FD5E7B 
10: 00007FF64943E7ED 
11: 00007FF647FC1460 
12: 00007FF647FE7F5C 
13: 00007FF647FF5BCD 
14: 00007FF6481E3B2C 
15: 00007FF6475F03C0 
16: 00007FFD8CAECA9F 
17: 00007FF6475F4E71 
18: 00007FF6481A2319 
19: 00007FF6481A1D08 
20: 00007FF6481A154A 
21: 000001CF37E7727A 

<--- Last few GCs --->

[59164:0000016A72FB9000]      394 ms: Scavenge 9.9 (12.9) -> 9.2 (17.7) MB, pooled: 0 MB, 1.21 / 0.00 ms  (average mu = 1.000, current mu = 1.000) allocation failure; 
[59164:0000016A72FB9000]      596 ms: Scavenge 13.1 (18.4) -> 11.1 (18.7) MB, pooled: 0 MB, 0.80 / 0.00 ms  (average mu = 1.000, current mu = 1.000) task; 
[59164:0000016A72FB9000]      652 ms: Scavenge 14.8 (19.7) -> 13.1 (20.9) MB, pooled: 0 MB, 1.21 / 0.00 ms  (average mu = 1.000, current mu = 1.000) allocation failure; 

FATAL ERROR: Zone Allocation failed - process out of memory
----- Native stack trace -----


<--- Last few GCs --->

[59164:0000016A72FB9000]      394 ms: Scavenge 9.9 (12.9) -> 9.2 (17.7) MB, pooled: 0 MB, 1.21 / 0.00 ms  (average mu = 1.000, current mu = 1.000) allocation failure; 
[59164:0000016A72FB9000]      596 ms: Scavenge 13.1 (18.4) -> 11.1 (18.7) MB, pooled: 0 MB, 0.80 / 0.00 ms  (average mu = 1.000, current mu = 1.000) task; 
[59164:0000016A72FB9000]      652 ms: Scavenge 14.8 (19.7) -> 13.1 (20.9) MB, pooled: 0 MB, 1.21 / 0.00 ms  (average mu = 1.000, current mu = 1.000) allocation failure; 

FATAL ERROR: Zone Allocation failed - process out of memory
----- Native stack trace -----


<--- Last few GCs --->

[59164:0000016A72FB9000]      394 ms: Scavenge 9.9 (12.9) -> 9.2 (17.7) MB, pooled: 0 MB, 1.21 / 0.00 ms  (average mu = 1.000, current mu = 1.000) allocation failure; 
[59164:0000016A72FB9000]      596 ms: Scavenge 13.1 (18.4) -> 11.1 (18.7) MB, pooled: 0 MB, 0.80 / 0.00 ms  (average mu = 1.000, current mu = 1.000) task; 
[59164:0000016A72FB9000]      652 ms: Scavenge 14.8 (19.7) -> 13.1 (20.9) MB, pooled: 0 MB, 1.21 / 0.00 ms  (average mu = 1.000, current mu = 1.000) allocation failure; 

FATAL ERROR: Zone Allocation failed - process out of memory
----- Native stack trace -----

 1: 00007FF64757AD5F 
 1: 00007FF64757AD5F 
 2: 00007FF6481C32D7 
 2: 00007FF6481C32D7 
 3: 00007FF647B3E076 
 3: 00007FF647B3E076 
 4: 00007FF64894E7A5 
 4: 00007FF648DCAA73 
 5: 00007FF64894EFAB 
 5: 00007FF6491929D0 
 6: 00007FF64796BFD1 
 6: 00007FF649190FE0 
 7: 00007FF647A15F63 
 7: 00007FF64918FDEE 
 8: 00007FF647A13E6A 
 8: 00007FF64918F50D 
 9: 00007FF648136F0F 
 9: 00007FF64918E893 
10: 00007FF647A1594B 
10: 00007FF648F03280 
11: 00007FF64899593F 
11: 00007FF648F0312E 
12: 00007FF6474CADCE 
12: 00007FF648BA0D36 
13: 00007FF648218646 
13: 00007FF648B97E4B 
14: 00007FF649459FB3 
14: 00007FF648B972B0 
15: 00007FFDC4097374 
15: 00007FF648136F0F 
16: 00007FFDC54DCC91 
16: 00007FF6480FBF9D 

<--- Last few GCs --->

[58452:000001635EB15000]      133 ms: Scavenge 8.7 (11.7) -> 7.8 (11.7) MB, pooled: 0 MB, 1.24 / 0.00 ms  (average mu = 1.000, current mu = 1.000) allocation failure; 
[58452:000001635EB15000]      206 ms: Scavenge 9.9 (12.9) -> 9.2 (17.7) MB, pooled: 0 MB, 1.02 / 0.00 ms  (average mu = 1.000, current mu = 1.000) allocation failure; 
[58452:000001635EB15000]      416 ms: Scavenge 13.0 (18.4) -> 11.0 (19.2) MB, pooled: 0 MB, 2.03 / 0.00 ms  (average mu = 1.000, current mu = 1.000) task; 

FATAL ERROR: NewSpace::EnsureCurrentCapacity Allocation failed - JavaScript heap out of memory
----- Native stack trace -----


<--- Last few GCs --->

[59356:000002B69F20A000]       60 ms: Scavenge 6.4 (8.5) -> 5.5 (10.1) MB, pooled: 0 MB, 1.63 / 0.00 ms  (average mu = 1.000, current mu = 1.000) allocation failure; 
[59356:000002B69F20A000]      155 ms: Scavenge 8.7 (11.7) -> 7.8 (11.7) MB, pooled: 0 MB, 1.13 / 0.00 ms  (average mu = 1.000, current mu = 1.000) allocation failure; 
[59356:000002B69F20A000]      256 ms: Scavenge 9.9 (12.9) -> 9.3 (13.7) MB, pooled: 1 MB, 1.11 / 0.00 ms  (average mu = 1.000, current mu = 1.000) allocation failure; 

FATAL ERROR: Committing semi space failed. Allocation failed - JavaScript heap out of memory
----- Native stack trace -----

 1: 00007FF64757AD5F 
 2: 00007FF6481C32D7 
 3: 00007FF647FC3997 
 4: 00007FF647F5C3BB 
 5: 00007FF647F33E0E 
 6: 00007FF647FC6432 
 7: 00007FF647FC53E7 
 8: 00007FF647FD6352 
 9: 00007FF647FD5E7B 
10: 00007FF64943E7ED 
11: 00007FF647FC1460 
12: 00007FF647FDBCEA 
13: 00007FF647FE7B48 
14: 00007FF648002D04 
15: 00007FF648002BDC 
16: 00007FF647FE9D29 
17: 00007FF647FE9E92 
18: 00007FF6481C30D2 
19: 00007FF647555F35 
20: 000002B6D708F64D 
 1: 00007FF64757AD5F node::OnFatalError+1343
 2: 00007FF6481C32D7 v8::Function::NewInstance+423
 3: 00007FF647FC3997 v8::base::AddressSpaceReservation::AddressSpaceReservation+322071
 4: 00007FF647F84433 v8::base::AddressSpaceReservation::AddressSpaceReservation+62643
 5: 00007FF647FC5D9A v8::base::AddressSpaceReservation::AddressSpaceReservation+331290
 6: 00007FF647FC53C6 v8::base::AddressSpaceReservation::AddressSpaceReservation+328774
 7: 00007FF647FD6352 v8::internal::StrongRootAllocatorBase::deallocate_impl+15858
 8: 00007FF647FD5E7B v8::internal::StrongRootAllocatorBase::deallocate_impl+14619
 9: 00007FF64943E7ED v8::base::UnsignedDivisionByConstant<unsigned __int64>+2791357
10: 00007FF647FC1460 v8::base::AddressSpaceReservation::AddressSpaceReservation+312544
11: 00007FF648045139 v8::Unlocker::~Unlocker+9273
12: 00007FF647BBAB12 v8::String::Utf8Value::~Utf8Value+141746
13: 000001631FE7733A 

<--- Last few GCs --->

[58380:0000025311B94000]      107 ms: Scavenge 8.7 (11.7) -> 7.8 (11.7) MB, pooled: 0 MB, 0.68 / 0.00 ms  (average mu = 1.000, current mu = 1.000) allocation failure; 
[58380:0000025311B94000]      159 ms: Scavenge 9.9 (12.9) -> 9.2 (17.7) MB, pooled: 0 MB, 1.26 / 0.00 ms  (average mu = 1.000, current mu = 1.000) allocation failure; 
[58380:0000025311B94000]      316 ms: Scavenge 13.1 (18.4) -> 11.1 (18.9) MB, pooled: 0 MB, 0.70 / 0.00 ms  (average mu = 1.000, current mu = 1.000) task; 

FATAL ERROR: Zone Allocation failed - process out of memory
----- Native stack trace -----


<--- Last few GCs --->

[59304:0000023A3501A000]      165 ms: Scavenge 9.9 (12.9) -> 9.2 (17.7) MB, pooled: 0 MB, 1.19 / 0.00 ms  (average mu = 1.000, current mu = 1.000) allocation failure; 
[59304:0000023A3501A000]      327 ms: Scavenge 13.1 (18.1) -> 11.0 (18.9) MB, pooled: 0 MB, 0.75 / 0.00 ms  (average mu = 1.000, current mu = 1.000) task; 
[59304:0000023A3501A000]      367 ms: Scavenge 14.8 (19.9) -> 13.2 (21.2) MB, pooled: 0 MB, 1.30 / 0.00 ms  (average mu = 1.000, current mu = 1.000) allocation failure; 

FATAL ERROR: Zone Allocation failed - process out of memory
----- Native stack trace -----

 1: 00007FF64757AD5F 
 2: 00007FF6481C32D7 
 3: 00007FF647B3E076 
 4: 00007FF647968132 
 5: 00007FF6479680F2 
 6: 00007FF6479680F2 
 7: 00007FF647968104 
 8: 00007FF647967FF3 
 9: 00007FF647967F3D 
10: 00007FF647962454 
11: 00007FF64796A50E 
12: 00007FF64796A160 
13: 00007FF6479CEA24 
14: 00007FF6479CE612 
15: 00007FF6479CC4CB 
16: 00007FF6479C9FE7 
17: 00007FF64799F1EB 
18: 00007FF647A17356 
19: 00007FF647A16070 
20: 00007FF647A13E6A 
21: 00007FF648136F0F 
22: 00007FF647A1594B 
23: 00007FF64899593F 
24: 00007FF6474CADCE 
25: 00007FF648218646 
26: 00007FF649459FB3 
27: 00007FFDC4097374 
28: 00007FFDC54DCC91 


#
# Fatal process out of memory: Worklist::Segment::Create
#
----- Native stack trace -----


<--- Last few GCs --->

[58420:000002C193A27000]      128 ms: Mark-Compact (reduce) 6.6 (11.6) -> 6.1 (7.8) MB, pooled: 0 MB, 4.73 / 0.00 ms  (average mu = 0.962, current mu = 0.962) last resort; GC in old space requested
[58420:000002C193A27000]      131 ms: Mark-Compact (reduce) 6.1 (7.8) -> 6.1 (7.6) MB, pooled: 0 MB, 3.65 / 0.00 ms  (average mu = 0.935, current mu = 0.006) last resort; GC in old space requested

FATAL ERROR: Zone Allocation failed - process out of memory
----- Native stack trace -----

 1: 00007FF64757AD5F 
 2: 00007FF6481C32D7 
 3: 00007FF647B3E076 
 4: 00007FF647C7380B 
 5: 00007FF647C70DF8 
 6: 00007FF647C799EB 
 7: 00007FF647C6F42A 
 8: 00007FF647C80160 
 9: 00007FF647C7F484 
10: 00007FF647C84E04 
11: 00007FF647C8328E 
12: 00007FF647C8026B 
13: 00007FF647C7F43E 
14: 00007FF647C84E04 
15: 00007FF647C9021F 
16: 00007FF647C799EB 
17: 00007FF647C6F42A 
18: 00007FF647C80160 
19: 00007FF647C7F484 
20: 00007FF647C84E04 
21: 00007FF647C8328E 
22: 00007FF647C8026B 
23: 00007FF647C7F43E 
24: 00007FF647C84E04 
25: 00007FF647C9021F 
26: 00007FF647C799EB 
27: 00007FF647C78EEA 
28: 00007FF647C6C5E7 
29: 00007FF647C6B7B4 
30: 00007FF647C6AAA2 
31: 00007FF647C6A74A 
32: 00007FF647C65D79 
33: 00007FF648140C7F 
34: 00007FF648143A81 
35: 00007FF6481CC793 
36: 00007FF647597733 
37: 00007FF647595ECD 
38: 000002C1CB8CF64D 
 1: 00007FF6474CEF0D 
 2: 00007FF648921D66 
 3: 00007FF64769DD7E 
 4: 00007FF647FACB9C 
 5: 00007FF648013A78 
 6: 00007FF6480282EC 
 7: 00007FF64899593F 
 8: 00007FF6474CADCE 
 9: 00007FF648218646 
10: 00007FF649459FB3 
11: 00007FFDC4097374 
12: 00007FFDC54DCC91 RtlUserThreadStart+33

<--- Last few GCs --->

[58380:0000026261D30000]      147 ms: Scavenge 10.0 (12.7) -> 9.2 (17.4) MB, pooled: 0 MB, 1.93 / 0.00 ms  (average mu = 1.000, current mu = 1.000) allocation failure; 
[58380:0000026261D30000]      301 ms: Scavenge 13.0 (18.4) -> 11.0 (18.9) MB, pooled: 0 MB, 0.74 / 0.00 ms  (average mu = 1.000, current mu = 1.000) task; 
[58380:0000026261D30000]      342 ms: Scavenge 14.8 (19.7) -> 13.2 (21.2) MB, pooled: 2 MB, 1.37 / 0.00 ms  (average mu = 1.000, current mu = 1.000) allocation failure; 

FATAL ERROR: Zone Allocation failed - process out of memory
----- Native stack trace -----

 1: 00007FF64757AD5F 
 2: 00007FF6481C32D7 
 3: 00007FF647B3E076 
 4: 00007FF64908C836 
 5: 00007FF64908C680 
 6: 00007FF648BC150A 
 7: 00007FF648B9A990 
 8: 00007FF648B9788F 
 9: 00007FF648B971DD 
10: 00007FF648136F0F 
11: 00007FF6480FBF9D 
12: 00007FF6480FBC95 
13: 00007FF64899593F 
14: 00007FF6474CADCE 
15: 00007FF648218646 
16: 00007FF649459FB3 
17: 00007FFDC4097374 
18: 00007FFDC54DCC91 

<--- Last few GCs --->

FATAL ERROR: Committing semi space failed. Allocation failed - JavaScript heap out of memory
----- Native stack trace -----

 1: 00007FF64757AD5F 
 2: 00007FF6481C32D7 
 3: 00007FF647FC3997 
 4: 00007FF647F5C3BB 
 5: 00007FF647F8472A 
 6: 00007FF647FC5D76 
 7: 00007FF647FC53C6 
 8: 00007FF647FD6352 
 9: 00007FF647FD5E7B 
10: 00007FF64943E7ED 
11: 00007FF647FC1460 
12: 00007FF647FE7B91 
13: 00007FF648002D04 
14: 00007FF648002BDC 
15: 00007FF647DB6AA7 
16: 00007FF648179D14 
17: 000002AF57E7727A 

<--- Last few GCs --->

FATAL ERROR: Committing semi space failed. Allocation failed - JavaScript heap out of memory
----- Native stack trace -----

 1: 00007FF64757AD5F 
 2: 00007FF6481C32D7 
 3: 00007FF647FC3997 
 4: 00007FF647F5C3BB 
 5: 00007FF647F33E0E 
 6: 00007FF647FC6432 
 7: 00007FF647FC53E7 
 8: 00007FF647FD6352 
 9: 00007FF647FD5E7B 
10: 00007FF64943E7ED 
11: 00007FF647FC1460 
12: 00007FF647FDBCEA 
13: 00007FF647FE8186 
14: 00007FF647BBB1E7 
15: 000001B39FE7733A 

<--- Last few GCs --->

FATAL ERROR: Committing semi space failed. Allocation failed - JavaScript heap out of memory
----- Native stack trace -----

 1: 00007FF64757AD5F 
 2: 00007FF6481C32D7 
 3: 00007FF647FC3997 
 4: 00007FF647F5C3BB 
 5: 00007FF647F8472A 
 6: 00007FF647FC5D76 
 7: 00007FF647FC53C6 
 8: 00007FF647FD6352 
 9: 00007FF647FD5E7B 
10: 00007FF64943E7ED 
11: 00007FF647FC1460 
12: 00007FF648045139 
13: 00007FF647BBAB12 
14: 000001D457E7733A 

<--- Last few GCs --->
[56284:000002C63E239000]       27 ms: Scavenge 3.3 (4.3) -> 2.6 (5.3) MB, pooled: 0 MB, 0.55 / 0.00 ms  (average mu = 1.000, current mu = 1.000) allocation failure; 

FATAL ERROR: NewSpace::EnsureCurrentCapacity Allocation failed - JavaScript heap out of memory
----- Native stack trace -----

 1: 00007FF64757AD5F 
 2: 00007FF6481C32D7 
 3: 00007FF647FC3997 
 4: 00007FF647F84433 
 5: 00007FF647FC5D9A 
 6: 00007FF647FC53C6 
 7: 00007FF647FD6352 
 8: 00007FF647FD5E7B 
 9: 00007FF64943E7ED 
10: 00007FF647FC1460 
11: 00007FF647FE7B91 
12: 00007FF648003C2A 
13: 00007FF647CF0C35 
14: 00007FF647CF0BBD 
15: 00007FF647CFC273 
16: 00007FF647CFC07D 
17: 00007FF647D01498 
18: 00007FF647D0A093 
19: 00007FF647F10837 
20: 00007FF647F11AE4 
21: 00007FF647F11780 
22: 00007FF647F1558F 
23: 000002C65E53733A 

<--- Last few GCs --->

[44296:000001D8A2D7B000]       60 ms: Scavenge 6.4 (8.5) -> 5.5 (10.1) MB, pooled: 0 MB, 1.89 / 0.00 ms  (average mu = 1.000, current mu = 1.000) allocation failure; 
[44296:000001D8A2D7B000]      135 ms: Scavenge 8.7 (11.7) -> 7.8 (11.7) MB, pooled: 0 MB, 3.56 / 0.00 ms  (average mu = 1.000, current mu = 1.000) allocation failure; 

FATAL ERROR: NewSpace::EnsureCurrentCapacity Allocation failed - JavaScript heap out of memory
----- Native stack trace -----

 1: 00007FF64757AD5F 
 2: 00007FF6481C32D7 
 3: 00007FF647FC3997 
 4: 00007FF647F84433 
 5: 00007FF647FC5D9A 
 6: 00007FF647FC53C6 
 7: 00007FF647FD6352 
 8: 00007FF647FD5E7B 
 9: 00007FF64943E7ED 
10: 00007FF647FC1460 
11: 00007FF647B799AE 
12: 00007FF647B7770C 
13: 00007FF647B7D3B6 
14: 00007FF647B783F8 
15: 00007FF647B778EE 
16: 00007FF647B7D3B6 
17: 00007FF647B783F8 
18: 00007FF647B778EE 
19: 00007FF647B7D3B6 
20: 00007FF647B783F8 
21: 00007FF647B778EE 
22: 00007FF647B7C094 
23: 00007FF647B77DE7 
24: 00007FF647B77C9A 
25: 00007FF647B74FF7 
26: 00007FF647B74F74 
27: 00007FF647B85BC5 
28: 00007FF64814377E 
29: 00007FF6481CC793 
30: 00007FF6475AA340 
31: 00007FF6475AAEF2 
32: 00007FF6475ACF76 
33: 000001D8DB34F64D 

<--- Last few GCs --->

[48448:0000021CD214D000]      174 ms: Scavenge 8.7 (11.9) -> 7.8 (11.9) MB, pooled: 0 MB, 1.08 / 0.00 ms  (average mu = 1.000, current mu = 1.000) allocation failure; 
[48448:0000021CD214D000]      226 ms: Scavenge 9.9 (13.4) -> 9.3 (17.9) MB, pooled: 0 MB, 1.16 / 0.00 ms  (average mu = 1.000, current mu = 1.000) allocation failure; 
[48448:0000021CD214D000]      390 ms: Scavenge 13.1 (18.6) -> 11.1 (19.2) MB, pooled: 0 MB, 2.52 / 0.00 ms  (average mu = 1.000, current mu = 1.000) task; 

FATAL ERROR: Zone Allocation failed - process out of memory
----- Native stack trace -----

 1: 00007FF64757AD5F 
 2: 00007FF6481C32D7 
 3: 00007FF647B3E076 
 4: 00007FF647967CEB 
 5: 00007FF6479678A2 
 6: 00007FF6479678DB 
 7: 00007FF6479677C3 
 8: 00007FF647967F16 
 9: 00007FF647962454 
10: 00007FF64796A50E 
11: 00007FF64796A283 
12: 00007FF6479CCBD7 
13: 00007FF6479CD4F3 
14: 00007FF6479CC167 
15: 00007FF6479C9643 
16: 00007FF6479C8673 
17: 00007FF6479C845B 
18: 00007FF64799F278 
19: 00007FF647A17356 
20: 00007FF647A16070 
21: 00007FF647A13E6A 
22: 00007FF648136F0F 
23: 00007FF647A1594B 
24: 00007FF64899593F 
25: 00007FF6474CADCE 
26: 00007FF648218646 
27: 00007FF649459FB3 
28: 00007FFDC4097374 
29: 00007FFDC54DCC91 

<--- Last few GCs --->

FATAL ERROR: Committing semi space failed. Allocation failed - JavaScript heap out of memory
----- Native stack trace -----

 1: 00007FF64757AD5F 
 2: 00007FF6481C32D7 
 3: 00007FF647FC3997 
 4: 00007FF647F5C3BB 
 5: 00007FF647F8472A 
 6: 00007FF647FC5D76 
 7: 00007FF647FC53C6 
 8: 00007FF647FD6352 
 9: 00007FF647FD5E7B 
10: 00007FF64943E7ED 
11: 00007FF647FC1460 
12: 00007FF648045139 
13: 00007FF647BBAB12 
14: 000001DD763F733A 

<--- Last few GCs --->

[47536:0000022730454000]      117 ms: Scavenge 8.8 (11.7) -> 8.0 (11.9) MB, pooled: 0 MB, 0.81 / 0.00 ms  (average mu = 1.000, current mu = 1.000) allocation failure; 
[47536:0000022730454000]      154 ms: Scavenge 9.9 (13.4) -> 9.2 (17.9) MB, pooled: 0 MB, 1.19 / 0.00 ms  (average mu = 1.000, current mu = 1.000) allocation failure; 
[47536:0000022730454000]      326 ms: Scavenge 13.0 (18.6) -> 11.1 (18.9) MB, pooled: 0 MB, 18.54 / 0.00 ms  (average mu = 1.000, current mu = 1.000) task; 

FATAL ERROR: Zone Allocation failed - process out of memory
----- Native stack trace -----

 1: 00007FF64757AD5F 
 2: 00007FF6481C32D7 
 3: 00007FF647B3E076 
 4: 00007FF6479D64F5 
 5: 00007FF647985A8E 
 6: 00007FF64797B58C 
 7: 00007FF64797BDE4 
 8: 00007FF64797CAF2 
 9: 00007FF6479C93F9 
10: 00007FF64799F1EB 
11: 00007FF647A17356 
12: 00007FF647A16070 
13: 00007FF647A13E6A 
14: 00007FF648136F0F 
15: 00007FF647A1594B 
16: 00007FF64899593F 
17: 00007FF6474CADCE 
18: 00007FF648218646 
19: 00007FF649459FB3 
20: 00007FFDC4097374 
21: 00007FFDC54DCC91 

<--- Last few GCs --->

[9944:0000022A44652000]       57 ms: Mark-Compact 5.2 (10.3) -> 5.2 (10.3) MB, pooled: 0 MB, 3.61 / 0.00 ms  (average mu = 0.756, current mu = 0.057) background allocation failure; GC in old space requested
[9944:0000022A44652000]       61 ms: Mark-Compact 5.2 (10.3) -> 5.2 (10.6) MB, pooled: 0 MB, 3.05 / 0.00 ms  (average mu = 0.632, current mu = 0.082) background allocation failure; GC in old space requested

FATAL ERROR: CALL_AND_RETRY_LAST Allocation failed - JavaScript heap out of memory
----- Native stack trace -----

 1: 00007FF64757AD5F 
 2: 00007FF6481C32D7 
 3: 00007FF647FDC022 
 4: 00007FF647B7BF55 
 5: 00007FF647FB5391 
 6: 00007FF64800A2BC 
 7: 00007FF6480052CD 
 8: 00007FF647A6E71D 
 9: 00007FF647A6E5D7 
10: 00007FF647A809D2 
11: 00007FF647A808CB 
12: 00007FF647A806E8 
13: 00007FF64899593F 
14: 00007FF6474CADCE 
15: 00007FF648218646 
16: 00007FF649459FB3 
17: 00007FFDC4097374 
18: 00007FFDC54DCC91 

<--- Last few GCs --->

[41724:0000023F78E99000]      316 ms: Scavenge 6.4 (8.5) -> 5.5 (10.1) MB, pooled: 0 MB, 0.90 / 0.00 ms  (average mu = 1.000, current mu = 1.000) allocation failure; 

FATAL ERROR: MarkCompactCollector: young object promotion failed Allocation failed - JavaScript heap out of memory
----- Native stack trace -----


<--- Last few GCs --->

[41724:0000023F78E99000]      316 ms: Scavenge 6.4 (8.5) -> 5.5 (10.1) MB, pooled: 0 MB, 0.90 / 0.00 ms  (average mu = 1.000, current mu = 1.000) allocation failure; 

FATAL ERROR: MarkCompactCollector: young object promotion failed Allocation failed - JavaScript heap out of memory
----- Native stack trace -----

 1: 00007FF64757AD5F 
 2: 00007FF6481C32D7 
 3: 00007FF647FC3997 
 4: 00007FF647FA32AE 
 5: 00007FF647F9896D 
 6: 00007FF647F9861C 
 7: 00007FF647F98261 
 8: 00007FF647FAA758 
 9: 00007FF64899593F 
10: 00007FF6474CADCE 
11: 00007FF648218646 
12: 00007FF649459FB3 
13: 00007FFDC4097374 
14: 00007FFDC54DCC91 

<--- Last few GCs --->

[58440:0000027EBC4E2000]       46 ms: Scavenge 6.4 (8.8) -> 5.5 (10.3) MB, pooled: 0 MB, 0.65 / 0.00 ms  (average mu = 1.000, current mu = 1.000) allocation failure; 
[58440:0000027EBC4E2000]      231 ms: Scavenge 8.7 (11.7) -> 7.8 (11.7) MB, pooled: 0 MB, 0.67 / 0.00 ms  (average mu = 1.000, current mu = 1.000) allocation failure; 
[58440:0000027EBC4E2000]      275 ms: Scavenge 9.9 (12.9) -> 9.2 (17.7) MB, pooled: 0 MB, 1.00 / 0.00 ms  (average mu = 1.000, current mu = 1.000) allocation failure; 

FATAL ERROR: MarkCompactCollector: young object promotion failed Allocation failed - JavaScript heap out of memory
----- Native stack trace -----

 1: 00007FF64757AD5F 
 2: 00007FF6481C32D7 
 3: 00007FF647FC3997 
 4: 00007FF647FA32AE 
 5: 00007FF647F9896D 
 6: 00007FF647F9861C 
 7: 00007FF647F98261 
 8: 00007FF647FAA758 
 9: 00007FF64899593F 
10: 00007FF6474CADCE 
11: 00007FF648218646 
12: 00007FF649459FB3 
13: 00007FFDC4097374 
14: 00007FFDC54DCC91 RtlUserThreadStart+33

<--- Last few GCs --->



#
# Fatal JavaScript out of memory: MemoryChunk allocation failed during deserialization.
#
----- Native stack trace -----

 1: 00007FF6474CEF0D 
 2: 00007FF648921D66 
 3: 00007FF6481C32B6 
 4: 00007FF647FC3997 
 5: 00007FF647F75BEA 
 6: 00007FF647F75CAC 
 7: 00007FF647F7659B 
 8: 00007FF647F4D7F1 
 9: 00007FF647FB36A3 
10: 00007FF647FB340E 
11: 00007FF647FB21F8 
12: 00007FF647FB217A 
13: 00007FF647FDBC15 
14: 00007FF647B79938 
15: 00007FF647B7770C 
16: 00007FF647B7D3B6 
17: 00007FF647B783F8 
18: 00007FF647B778EE 
19: 00007FF647B7D3B6 
20: 00007FF647B783F8 
21: 00007FF647B778EE 
22: 00007FF647B7D3B6 
23: 00007FF647B783F8 
24: 00007FF647B778EE 
25: 00007FF647B7D3B6 
26: 00007FF647B783F8 
27: 00007FF647B778EE 
28: 00007FF647B7D3B6 
29: 00007FF647B783F8 
30: 00007FF647B778EE 
31: 00007FF647B7E98E 
32: 00007FF647B7813D 
33: 00007FF647FCB958 
34: 00007FF647B56623 
35: 00007FF64805E8AC 
36: 00007FF64805ECA2 
37: 00007FF647B5C263 
38: 00007FF6481EE496 
39: 00007FF647688C5D 
40: 00007FF6473E5B84 
41: 00007FF6473E4F19 
42: 00007FF6473EEC30 
43: 00007FF648218646 
44: 00007FF649459FB3 
45: 00007FFDC4097374 BaseThreadInitThunk+20
46: 00007FFDC54DCC91 

<--- Last few GCs --->



#
# Fatal JavaScript out of memory: MemoryChunk allocation failed during deserialization.
#
----- Native stack trace -----


<--- Last few GCs --->

[11424:0000023A1F8A8000]       57 ms: Scavenge 6.4 (8.8) -> 5.4 (10.3) MB, pooled: 0 MB, 0.80 / 0.00 ms  (average mu = 1.000, current mu = 1.000) allocation failure; 
[11424:0000023A1F8A8000]      126 ms: Scavenge 8.8 (11.7) -> 7.9 (11.9) MB, pooled: 0 MB, 0.88 / 0.00 ms  (average mu = 1.000, current mu = 1.000) allocation failure; 
[11424:0000023A1F8A8000]      166 ms: Scavenge 9.9 (12.9) -> 9.2 (17.9) MB, pooled: 0 MB, 0.97 / 0.00 ms  (average mu = 1.000, current mu = 1.000) allocation failure; 

FATAL ERROR: Zone Allocation failed - process out of memory
----- Native stack trace -----

 1: 00007FF6474CEF0D 
 2: 00007FF648921D66 
 3: 00007FF6481C32B6 
 4: 00007FF647FC3997 
 5: 00007FF647F75BEA 
 6: 00007FF647F75CAC 
 7: 00007FF647F7659B 
 8: 00007FF647F4D7F1 
 9: 00007FF647FB36A3 
10: 00007FF647FB340E 
11: 00007FF647FB21F8 
12: 00007FF647FB217A 
13: 00007FF647B798C3 
14: 00007FF647B7770C 
15: 00007FF647B7E98E 
16: 00007FF647B7813D 
17: 00007FF647B55B74 
18: 00007FF647B73121 
19: 00007FF647B5662F 
20: 00007FF64805E8AC 
21: 00007FF64805ECA2 
22: 00007FF647B5C263 
23: 00007FF6481EE496 
24: 00007FF647688C5D 
25: 00007FF6473E5B84 
26: 00007FF6473E4F19 
27: 00007FF6473EEC30 
28: 00007FF648218646 
29: 00007FF649459FB3 
30: 00007FFDC4097374 
31: 00007FFDC54DCC91 

<--- Last few GCs --->

FATAL ERROR: Committing semi space failed. Allocation failed - JavaScript heap out of memory
----- Native stack trace -----

 1: 00007FF64757AD5F 
 2: 00007FF6481C32D7 
 3: 00007FF647FC3997 
 4: 00007FF647F5C3BB 
 5: 00007FF647F33E0E 
 6: 00007FF647FC6432 
 7: 00007FF647FC53E7 
 8: 00007FF647FD6352 
 9: 00007FF647FD5E7B 
10: 00007FF64943E7ED 
11: 00007FF647FC1460 
12: 00007FF647FDBCEA 
13: 00007FF647FE8186 
14: 00007FF647BBB1E7 
15: 0000026D57E7733A 

<--- Last few GCs --->

[59632:000001A74E009000]       72 ms: Scavenge 6.4 (9.0) -> 5.5 (10.6) MB, pooled: 0 MB, 0.90 / 0.00 ms  (average mu = 1.000, current mu = 1.000) allocation failure; 
[59632:000001A74E009000]      503 ms: Scavenge 8.8 (11.9) -> 7.9 (12.4) MB, pooled: 0 MB, 0.94 / 0.00 ms  (average mu = 1.000, current mu = 1.000) allocation failure; 
[59632:000001A74E009000]      555 ms: Scavenge 10.0 (13.4) -> 9.3 (18.2) MB, pooled: 0 MB, 1.22 / 0.00 ms  (average mu = 1.000, current mu = 1.000) allocation failure; 

FATAL ERROR: Zone Allocation failed - process out of memory
----- Native stack trace -----



#
# Fatal process out of memory: Re-embedded builtins: set permissions
#
----- Native stack trace -----

 1: 00007FF6474CEF0D 
 2: 00007FF648921D66 
 3: 00007FF6481C32B6 
 4: 00007FF64802A22E 
 5: 00007FF64805D80F 
 6: 00007FF64805E2C2 
 7: 00007FF64805ECA2 
 8: 00007FF647B5C263 
 9: 00007FF6481EE496 
10: 00007FF647688C5D 
11: 00007FF6473E5B84 
12: 00007FF6473E4F19 
13: 00007FF6473EEC30 
14: 00007FF648218646 
15: 00007FF649459FB3 
16: 00007FFDC4097374 BaseThreadInitThunk+20
17: 00007FFDC54DCC91 


#
# Fatal process out of memory: Re-embedded builtins: set permissions
#
----- Native stack trace -----

 1: 00007FF6474CEF0D 
 2: 00007FF648921D66 
 3: 00007FF6481C32B6 
 4: 00007FF64802A22E 
 5: 00007FF64805D80F 
 6: 00007FF64805E2C2 
 7: 00007FF64805ECA2 
 8: 00007FF647B5C263 
 9: 00007FF6481EE496 
10: 00007FF647688C5D 
11: 00007FF6473E5B84 
12: 00007FF6473E4F19 
13: 00007FF6473EEC30 
14: 00007FF648218646 
15: 00007FF649459FB3 
16: 00007FFDC4097374 
17: 00007FFDC54DCC91 RtlUserThreadStart+33

<--- Last few GCs --->

[60256:000001DDBF138000]      101 ms: Scavenge 8.8 (11.7) -> 8.0 (11.9) MB, pooled: 0 MB, 0.79 / 0.00 ms  (average mu = 1.000, current mu = 1.000) allocation failure; 
[60256:000001DDBF138000]      133 ms: Scavenge 9.9 (13.4) -> 9.3 (17.9) MB, pooled: 0 MB, 1.08 / 0.00 ms  (average mu = 1.000, current mu = 1.000) allocation failure; 
[60256:000001DDBF138000]      258 ms: Scavenge 13.1 (18.6) -> 11.1 (19.2) MB, pooled: 0 MB, 5.45 / 0.00 ms  (average mu = 1.000, current mu = 1.000) task; 

FATAL ERROR: Zone Allocation failed - process out of memory
----- Native stack trace -----


<--- Last few GCs --->

[60256:000001DDBF138000]      101 ms: Scavenge 8.8 (11.7) -> 8.0 (11.9) MB, pooled: 0 MB, 0.79 / 0.00 ms  (average mu = 1.000, current mu = 1.000) allocation failure; 
[60256:000001DDBF138000]      133 ms: Scavenge 9.9 (13.4) -> 9.3 (17.9) MB, pooled: 0 MB, 1.08 / 0.00 ms  (average mu = 1.000, current mu = 1.000) allocation failure; 
[60256:000001DDBF138000]      258 ms: Scavenge 13.1 (18.6) -> 11.1 (19.2) MB, pooled: 0 MB, 5.45 / 0.00 ms  (average mu = 1.000, current mu = 1.000) task; 

FATAL ERROR: Zone Allocation failed - process out of memory
----- Native stack trace -----

 1: 00007FF64757AD5F 
 2: 00007FF6481C32D7 
 3: 00007FF647B3E076 
 4: 00007FF64894E7A5 
 5: 00007FF64894EFAB 
 6: 00007FF64796BFD1 
 7: 00007FF647A15F63 
 8: 00007FF647A13E6A 
 9: 00007FF648136F0F 
10: 00007FF647A1594B 
11: 00007FF64899593F 
12: 00007FF6474CADCE 
13: 00007FF648218646 
14: 00007FF649459FB3 
15: 00007FFDC4097374 
16: 00007FFDC54DCC91 

<--- Last few GCs --->

[60364:00000137E5055000]       61 ms: Scavenge 6.4 (9.0) -> 5.5 (10.6) MB, pooled: 0 MB, 0.76 / 0.00 ms  (average mu = 1.000, current mu = 1.000) allocation failure; 

FATAL ERROR: AlignedAlloc Allocation failed - process out of memory
----- Native stack trace -----

 1: 00007FF64757AD5F 
 2: 00007FF6481C32D7 
 3: 00007FF647B40FBE 
 4: 00007FF647CBB01B 
 5: 00007FF647CB900C 
 6: 00007FF647FFE677 
 7: 00007FF6481B98D1 
 8: 00007FF6481BA57B 
 9: 00007FF647C66A37 
10: 00007FF647C6D386 
11: 00007FF647C65FFE 
12: 00007FF64813E0C0 
13: 00007FF64813EBAC 
14: 00007FF647BC225B 
15: 000001379FE7733A 

<--- Last few GCs --->

[56512:000001B37E178000]       18 ms: Scavenge 4.0 (6.1) -> 3.6 (6.3) MB, pooled: 0 MB, 0.82 / 0.00 ms  (average mu = 1.000, current mu = 1.000) allocation failure; 
[56512:000001B37E178000]       26 ms: Scavenge 5.2 (7.1) -> 5.0 (7.6) MB, pooled: 1 MB, 1.01 / 0.00 ms  (average mu = 1.000, current mu = 1.000) allocation failure; 

FATAL ERROR: Committing semi space failed. Allocation failed - JavaScript heap out of memory
----- Native stack trace -----

 1: 00007FF64757AD5F 
 2: 00007FF6481C32D7 
 3: 00007FF647FC3997 
 4: 00007FF647F5C3BB 
 5: 00007FF647F8472A 
 6: 00007FF647FC5D76 
 7: 00007FF647FC53C6 
 8: 00007FF647FD6352 
 9: 00007FF647FD5E7B 
10: 00007FF64943E7ED 
11: 00007FF647FC1460 
12: 00007FF647FDBCEA 
13: 00007FF647B79938 
14: 00007FF647B7770C 
15: 00007FF647B7D3B6 
16: 00007FF647B783F8 
17: 00007FF647B778EE 
18: 00007FF647B7C094 
19: 00007FF647B77DE7 
20: 00007FF647B77C9A 
21: 00007FF647B74FF7 
22: 00007FF647B74F74 
23: 00007FF647B85BC5 
24: 00007FF64814377E 
25: 00007FF6481CC793 
26: 00007FF6475AA340 
27: 00007FF6475AAEF2 
28: 00007FF6475ACF76 
29: 000001B31FDCF64D 

<--- Last few GCs --->

[59712:0000021617C6B000]      101 ms: Scavenge 8.8 (11.7) -> 8.0 (11.9) MB, pooled: 0 MB, 0.72 / 0.00 ms  (average mu = 1.000, current mu = 1.000) allocation failure; 
[59712:0000021617C6B000]      135 ms: Scavenge 9.9 (13.2) -> 9.2 (17.7) MB, pooled: 0 MB, 1.71 / 0.00 ms  (average mu = 1.000, current mu = 1.000) allocation failure; 
[59712:0000021617C6B000]      248 ms: Scavenge 13.1 (18.6) -> 11.1 (19.2) MB, pooled: 0 MB, 0.76 / 0.00 ms  (average mu = 1.000, current mu = 1.000) task; 

FATAL ERROR: Zone Allocation failed - process out of memory
----- Native stack trace -----

 1: 00007FF64757AD5F 
 2: 00007FF6481C32D7 
 3: 00007FF647B3E076 
 4: 00007FF647967CEB 
 5: 00007FF6479678A2 
 6: 00007FF6479677C3 
 7: 00007FF647967F09 
 8: 00007FF647962454 
 9: 00007FF64796A50E 
10: 00007FF64796A283 
11: 00007FF6479CD7B4 
12: 00007FF6479CD3E7 
13: 00007FF6479CC167 
14: 00007FF6479C9643 
15: 00007FF64799F1EB 
16: 00007FF647A17356 
17: 00007FF647A16070 
18: 00007FF647A13E6A 
19: 00007FF648136F0F 
20: 00007FF647A1594B 
21: 00007FF64899593F 
22: 00007FF6474CADCE 
23: 00007FF648218646 
24: 00007FF649459FB3 
25: 00007FFDC4097374 
26: 00007FFDC54DCC91 

<--- Last few GCs --->

[60016:00000222EDEC7000]      103 ms: Scavenge 8.7 (11.7) -> 7.8 (11.7) MB, pooled: 0 MB, 0.76 / 0.00 ms  (average mu = 1.000, current mu = 1.000) allocation failure; 
[60016:00000222EDEC7000]      150 ms: Scavenge 9.9 (12.9) -> 9.2 (17.7) MB, pooled: 0 MB, 1.20 / 0.00 ms  (average mu = 1.000, current mu = 1.000) allocation failure; 
[60016:00000222EDEC7000]      343 ms: Scavenge 13.1 (18.4) -> 11.2 (18.9) MB, pooled: 0 MB, 0.75 / 0.00 ms  (average mu = 1.000, current mu = 1.000) task; 

FATAL ERROR: Zone Allocation failed - process out of memory
----- Native stack trace -----

 1: 00007FF64757AD5F 
 2: 00007FF6481C32D7 
 3: 00007FF647B3E076 
 4: 00007FF6476FF4FA 
 5: 00007FF64914754D 
 6: 00007FF64914806F 
 7: 00007FF649147C7B 
 8: 00007FF649147848 
 9: 00007FF648BEC803 
10: 00007FF648BD1287 
11: 00007FF648BD0A9E 
12: 00007FF64915220E 
13: 00007FF649144B6B 
14: 00007FF649144315 
15: 00007FF649153360 
16: 00007FF64901376D 
17: 00007FF648BBE264 
18: 00007FF648BA1574 
19: 00007FF648B97F2B 
20: 00007FF648B97303 
21: 00007FF648136F0F 
22: 00007FF6480FBF9D 
23: 00007FF6480FBC95 
24: 00007FF64899593F 
25: 00007FF6474CADCE 
26: 00007FF648218646 
27: 00007FF649459FB3 
28: 00007FFDC4097374 
29: 00007FFDC54DCC91 

<--- Last few GCs --->

[59980:0000027F41CE6000]      171 ms: Scavenge 10.0 (12.9) -> 9.3 (17.4) MB, pooled: 0 MB, 1.15 / 0.00 ms  (average mu = 1.000, current mu = 1.000) allocation failure; 
[59980:0000027F41CE6000]      359 ms: Scavenge 13.0 (18.1) -> 11.0 (18.4) MB, pooled: 0 MB, 1.56 / 0.00 ms  (average mu = 1.000, current mu = 1.000) task; 
[59980:0000027F41CE6000]      411 ms: Scavenge 14.9 (20.2) -> 13.4 (29.2) MB, pooled: 0 MB, 1.34 / 0.00 ms  (average mu = 1.000, current mu = 1.000) allocation failure; 

FATAL ERROR: Zone Allocation failed - process out of memory
----- Native stack trace -----

 1: 00007FF64757AD5F 
 2: 00007FF6481C32D7 
 3: 00007FF647B3E076 
 4: 00007FF648963943 
 5: 00007FF6489600F3 
 6: 00007FF647990338 
 7: 00007FF6479907FF 
 8: 00007FF6479C952A 
 9: 00007FF64799F1EB 
10: 00007FF647A17356 
11: 00007FF647A16070 
12: 00007FF647A13E6A 
13: 00007FF648136F0F 
14: 00007FF647A1594B 
15: 00007FF64899593F 
16: 00007FF6474CADCE 
17: 00007FF648218646 
18: 00007FF649459FB3 
19: 00007FFDC4097374 
20: 00007FFDC54DCC91 

thread '<unnamed>' (59984) panicked at C:\Users\runneradmin\.cargo\registry\src\index.crates.io-1949cf8c6b5b557f\rayon-core-1.12.1\src\registry.rs:168:10:
The global thread pool has not been initialized.: ThreadPoolBuildError { kind: IOError(Os { code: 1450, kind: Uncategorized, message: "Insufficient system resources exist to complete the requested service." }) }
note: run with `RUST_BACKTRACE=1` environment variable to display a backtrace

<--- Last few GCs --->

[47536:000001E11B9B8000]      130 ms: Scavenge 6.4 (8.8) -> 5.5 (10.3) MB, pooled: 0 MB, 0.67 / 0.00 ms  (average mu = 1.000, current mu = 1.000) allocation failure; 
[47536:000001E11B9B8000]      220 ms: Scavenge 8.7 (11.7) -> 7.8 (11.7) MB, pooled: 0 MB, 0.75 / 0.00 ms  (average mu = 1.000, current mu = 1.000) allocation failure; 

FATAL ERROR: Zone Allocation failed - process out of memory
----- Native stack trace -----

 1: 00007FF64757AD5F 
 2: 00007FF6481C32D7 
 3: 00007FF647B3E076 
 4: 00007FF6481AA346 
 5: 00007FF647C7EAA6 
 6: 00007FF647C81035 
 7: 00007FF647C7F43E 
 8: 00007FF647C85CA2 
 9: 00007FF647C826C3 
10: 00007FF647C802B8 
11: 00007FF647C7F43E 
12: 00007FF647C91312 
13: 00007FF647C70DE5 
14: 00007FF647C799EB 
15: 00007FF647C78EEA 
16: 00007FF647C6C5E7 
17: 00007FF647C6B7B4 
18: 00007FF647C6AAA2 
19: 00007FF647C6A74A 
20: 00007FF647C65D79 
21: 00007FF648140C7F 
22: 00007FF648143A81 
23: 00007FF6481CC793 
24: 00007FF647597733 
25: 00007FF647595ECD 
26: 000001E1538CF64D 

<--- Last few GCs --->

[53084:00000200FAA37000]       53 ms: Scavenge 6.4 (8.5) -> 5.5 (9.8) MB, pooled: 0 MB, 0.71 / 0.00 ms  (average mu = 1.000, current mu = 1.000) allocation failure; 

FATAL ERROR: NewSpace::EnsureCurrentCapacity Allocation failed - JavaScript heap out of memory
----- Native stack trace -----

 1: 00007FF64757AD5F 
 2: 00007FF6481C32D7 
 3: 00007FF647FC3997 
 4: 00007FF647F84433 
 5: 00007FF647FC5D9A 
 6: 00007FF647FC53C6 
 7: 00007FF647FD6352 
 8: 00007FF647FD5E7B 
 9: 00007FF64943E7ED 
10: 00007FF647FC1460 
11: 00007FF648045139 
12: 00007FF647BBAB12 
13: 00000200B7E7733A 

<--- Last few GCs --->

[60040:0000028552F66000]      134 ms: Scavenge 6.4 (9.0) -> 5.5 (10.6) MB, pooled: 0 MB, 1.29 / 0.00 ms  (average mu = 1.000, current mu = 1.000) allocation failure; 
[60040:0000028552F66000]      247 ms: Scavenge 8.7 (11.9) -> 7.8 (11.9) MB, pooled: 0 MB, 0.61 / 0.00 ms  (average mu = 1.000, current mu = 1.000) allocation failure; 

FATAL ERROR: NewSpace::EnsureCurrentCapacity Allocation failed - JavaScript heap out of memory
----- Native stack trace -----

 1: 00007FF64757AD5F 
 2: 00007FF6481C32D7 
 3: 00007FF647FC3997 
 4: 00007FF647F84433 
 5: 00007FF647FC5D9A 
 6: 00007FF647FC53C6 
 7: 00007FF647FD6352 
 8: 00007FF647FD5E7B 
 9: 00007FF64943E7ED 
10: 00007FF647FC1460 
11: 00007FF648045139 
12: 00007FF647BBAEB8 
13: 000002851FE7733A 


#
# Fatal process out of memory: Re-embedded builtins: set permissions
#
----- Native stack trace -----

 1: 00007FF6474CEF0D 
 2: 00007FF648921D66 
 3: 00007FF6481C32B6 
 4: 00007FF64802A22E 
 5: 00007FF64805D80F 
 6: 00007FF64805E2C2 
 7: 00007FF64805ECA2 
 8: 00007FF647B5C263 
 9: 00007FF6481EE496 
10: 00007FF647688C5D 
11: 00007FF6473E5B84 
12: 00007FF6473E4F19 
13: 00007FF6473EEC30 
14: 00007FF648218646 
15: 00007FF649459FB3 
16: 00007FFDC4097374 BaseThreadInitThunk+20
17: 00007FFDC54DCC91 

<--- Last few GCs --->


<--- Last few GCs --->
[57948:0000018A15F08000]      150 ms: Scavenge 8.8 (11.7) -> 7.9 (11.9) MB, pooled: 0 MB, 0.76 / 0.00 ms  (average mu = 1.000, current mu = 1.000) allocation failure; 

[57948:0000018A15F08000]      190 ms: Scavenge 9.9 (13.4) -> 9.2 (17.7) MB, pooled: 0 MB, 0.97 / 0.00 ms  (average mu = 1.000, current mu = 1.000) allocation failure; 
[60168:000001F2E9157000]      152 ms: Scavenge 8.8 (11.7) -> 8.0 (12.4) MB, pooled: 0 MB, 0.94 / 0.00 ms  (average mu = 1.000, current mu = 1.000) allocation failure; 
[57948:0000018A15F08000]      302 ms: Scavenge 13.0 (18.6) -> 11.0 (18.9) MB, pooled: 0 MB, 1.28 / 0.00 ms  (average mu = 1.000, current mu = 1.000) task; 
[60168:000001F2E9157000]      191 ms: Scavenge 10.0 (12.9) -> 9.2 (17.7) MB, pooled: 0 MB, 0.91 / 0.00 ms  (average mu = 1.000, current mu = 1.000) allocation failure; 
[60168:000001F2E9157000]      302 ms: Scavenge 13.0 (18.4) -> 11.0 (19.2) MB, pooled: 0 MB, 1.46 / 0.00 ms  (average mu = 1.000, current mu = 1.000) task; 


FATAL ERROR: Zone Allocation failed - process out of memory
----- Native stack trace -----
FATAL ERROR: Zone Allocation failed - process out of memory

----- Native stack trace -----
 1: 00007FF64757AD5F 

 2: 00007FF6481C32D7 

 3: 00007FF647B3E076 
<--- Last few GCs --->
 4: 00007FF64894E7A5 

 5: 00007FF64894EFAB 
[60168:000001F2E9157000]      152 ms: Scavenge 8.8 (11.7) -> 8.0 (12.4) MB, pooled: 0 MB, 0.94 / 0.00 ms  (average mu = 1.000, current mu = 1.000) allocation failure; 
 6: 00007FF64796BFD1 
[60168:000001F2E9157000]      191 ms: Scavenge 10.0 (12.9) -> 9.2 (17.7) MB, pooled: 0 MB, 0.91 / 0.00 ms  (average mu = 1.000, current mu = 1.000) allocation failure; 
 7: 00007FF647A15F63 
[60168:000001F2E9157000]      302 ms: Scavenge 13.0 (18.4) -> 11.0 (19.2) MB, pooled: 0 MB, 1.46 / 0.00 ms  (average mu = 1.000, current mu = 1.000) task; 
 8: 00007FF647A13E6A 

 9: 00007FF648136F0F 
FATAL ERROR: Zone Allocation failed - process out of memory
----- Native stack trace -----
10: 00007FF647A1594B 

11: 00007FF64899593F 

12: 00007FF6474CADCE 
<--- Last few GCs --->
13: 00007FF648218646 

14: 00007FF649459FB3 
[60168:000001F2E9157000]      152 ms: Scavenge 8.8 (11.7) -> 8.0 (12.4) MB, pooled: 0 MB, 0.94 / 0.00 ms  (average mu = 1.000, current mu = 1.000) allocation failure; 
15: 00007FFDC4097374 
[60168:000001F2E9157000]      191 ms: Scavenge 10.0 (12.9) -> 9.2 (17.7) MB, pooled: 0 MB, 0.91 / 0.00 ms  (average mu = 1.000, current mu = 1.000) allocation failure; 
16: 00007FFDC54DCC91 
[60168:000001F2E9157000]      302 ms: Scavenge 13.0 (18.4) -> 11.0 (19.2) MB, pooled: 0 MB, 1.46 / 0.00 ms  (average mu = 1.000, current mu = 1.000) task; 

<--- Last few GCs --->

 1: 00007FF64757AD5F 
 2: 00007FF6481C32D7 
FATAL ERROR: Zone Allocation failed - process out of memory

 3: 00007FF647B3E076 
[57948:0000018A15F08000]      150 ms: Scavenge 8.8 (11.7) -> 7.9 (11.9) MB, pooled: 0 MB, 0.76 / 0.00 ms  (average mu = 1.000, current mu = 1.000) allocation failure; 
----- Native stack trace -----
[57948:0000018A15F08000]      190 ms: Scavenge 9.9 (13.4) -> 9.2 (17.7) MB, pooled: 0 MB, 0.97 / 0.00 ms  (average mu = 1.000, current mu = 1.000) allocation failure; 
[57948:0000018A15F08000]      302 ms: Scavenge 13.0 (18.6) -> 11.0 (18.9) MB, pooled: 0 MB, 1.28 / 0.00 ms  (average mu = 1.000, current mu = 1.000) task; 


 4: 00007FF647EAE522 
 5: 00007FF647EAD78E 
 6: 00007FF647EDB57D 
 7: 00007FF647EC83EB 
 8: 00007FF647ECD011 
 9: 00007FF647ECA404 
10: 00007FF647ECFD01 
 1: 00007FF64757AD5F 
11: 00007FF647EC95C4 
12: 00007FF647EC9F33 
 2: 00007FF6481C32D7 
13: 00007FF647EB8211 
 3: 00007FF647B3E076 
14: 00007FF647ECD3AA 
 4: 00007FF647967BF6 
15: 00007FF647EB76D5 
 5: 00007FF647967BB6 
16: 00007FF647EB594B 
 6: 00007FF647967BB6 
17: 00007FF647EB5C9F 
 7: 00007FF6479681B3 
18: 00007FF647EBC3E2 
 8: 00007FF647967F61 
19: 00007FF647EB594B 
 9: 00007FF647962454 
20: 00007FF647EB5CD0 
10: 00007FF64796A50E 
21: 00007FF647EBC989 
11: 00007FF64796A283 
22: 00007FF647EB594B 
12: 00007FF6479CCBD7 
23: 00007FF647EB5CD0 
13: 00007FF6479CD4F3 
24: 00007FF647EB4EEB 
14: 00007FF6479CC08E 
25: 00007FF647EB435F 
15: 00007FF6479C99C3 
26: 00007FF647EB41C3 
16: 00007FF6479C8673 
27: 00007FF647EB2B6F 
17: 00007FF6479C845B 
28: 00007FF647EA9E16 
18: 00007FF64799F278 
29: 00007FF648147FCF 
19: 00007FF647A17356 
30: 00007FF64813E8E8 
20: 00007FF647A16070 
31: 00007FF64813E11D 
21: 00007FF647A13E6A 
32: 00007FF64813EBAC 
22: 00007FF648136F0F 
33: 00007FF647BC225B 
23: 00007FF647A1594B 
34: 000001F2A7E7733A 
24: 00007FF64899593F 
25: 00007FF6474CADCE 

<--- Last few GCs --->

[59956:00000187547A9000]       96 ms: Scavenge 8.7 (11.7) -> 7.8 (11.7) MB, pooled: 0 MB, 0.88 / 0.00 ms  (average mu = 1.000, current mu = 1.000) allocation failure; 
[59956:00000187547A9000]      151 ms: Scavenge 9.9 (12.9) -> 9.2 (17.7) MB, pooled: 0 MB, 1.28 / 0.00 ms  (average mu = 1.000, current mu = 1.000) allocation failure; 
[59956:00000187547A9000]      344 ms: Scavenge 13.0 (18.4) -> 11.2 (18.9) MB, pooled: 0 MB, 0.69 / 0.00 ms  (average mu = 1.000, current mu = 1.000) task; 

FATAL ERROR: MarkCompactCollector: young object promotion failed Allocation failed - JavaScript heap out of memory
----- Native stack trace -----


<--- Last few GCs --->

[59956:00000187547A9000]       96 ms: Scavenge 8.7 (11.7) -> 7.8 (11.7) MB, pooled: 0 MB, 0.88 / 0.00 ms  (average mu = 1.000, current mu = 1.000) allocation failure; 
[59956:00000187547A9000]      151 ms: Scavenge 9.9 (12.9) -> 9.2 (17.7) MB, pooled: 0 MB, 1.28 / 0.00 ms  (average mu = 1.000, current mu = 1.000) allocation failure; 
[59956:00000187547A9000]      344 ms: Scavenge 13.0 (18.4) -> 11.2 (18.9) MB, pooled: 0 MB, 0.69 / 0.00 ms  (average mu = 1.000, current mu = 1.000) task; 

FATAL ERROR: MarkCompactCollector: young object promotion failed Allocation failed - JavaScript heap out of memory
----- Native stack trace -----


<--- Last few GCs --->

[59956:00000187547A9000]       96 ms: Scavenge 8.7 (11.7) -> 7.8 (11.7) MB, pooled: 0 MB, 0.88 / 0.00 ms  (average mu = 1.000, current mu = 1.000) allocation failure; 
[59956:00000187547A9000]      151 ms: Scavenge 9.9 (12.9) -> 9.2 (17.7) MB, pooled: 0 MB, 1.28 / 0.00 ms  (average mu = 1.000, current mu = 1.000) allocation failure; 
[59956:00000187547A9000]      344 ms: Scavenge 13.0 (18.4) -> 11.2 (18.9) MB, pooled: 0 MB, 0.69 / 0.00 ms  (average mu = 1.000, current mu = 1.000) task; 

 1: 00007FF64757AD5F 
 2: 00007FF6481C32D7 
 3: 00007FF647FC3997 
 4: 00007FF647FA32AE 
 5: 00007FF647F9896D 
 6: 00007FF647F9861C 
 7: 00007FF647F98261 
 8: 00007FF647FAA548 
 9: 00007FF64899525D 
10: 00007FF648995572 
11: 00007FF647F9B2A4 
12: 00007FF647F829CD 
13: 00007FF647F7CA44 
14: 00007FF647FC5D9A 
15: 00007FF647FC53C6 
16: 00007FF647FD6352 
17: 00007FF647FD5E7B 
18: 00007FF64943E7ED 
19: 00007FF647FC1460 
20: 00007FF648045139 
21: 00007FF647BBAEB8 
22: 000001871FE7733A 
memory allocation of 24576 bytes failed
note: run with `RUST_BACKTRACE=1` environment variable to display a backtrace

<--- Last few GCs --->

[52616:000001B9B9E85000]      158 ms: Scavenge 8.7 (11.7) -> 7.8 (11.7) MB, pooled: 0 MB, 5.39 / 0.00 ms  (average mu = 1.000, current mu = 1.000) allocation failure; 
[52616:000001B9B9E85000]      165 ms: Mark-Compact 7.8 (11.7) -> 7.3 (12.4) MB, pooled: 1 MB, 4.96 / 0.00 ms  (average mu = 0.970, current mu = 0.970) allocation failure; GC in old space requested

FATAL ERROR: Zone Allocation failed - process out of memory
----- Native stack trace -----

 1: 00007FF64757AD5F 
 2: 00007FF6481C32D7 
 3: 00007FF647B3E076 
 4: 00007FF647C5FAD6 
 5: 00007FF647C50953 
 6: 00007FF647C4FF7D 
 7: 00007FF647C4E6AB 
 8: 00007FF647C4D9E6 
 9: 00007FF647C78548 
10: 00007FF647C6C560 
11: 00007FF647C90AE3 
12: 00007FF647C70F54 
13: 00007FF647C799EB 
14: 00007FF647C78EEA 
15: 00007FF647C6C5E7 
16: 00007FF647C6B7B4 
17: 00007FF647C6AAA2 
18: 00007FF647C6A74A 
19: 00007FF647C65D79 
20: 00007FF648140C7F 
21: 00007FF648143A81 
22: 00007FF6481CC793 
23: 00007FF647597733 
24: 00007FF647595ECD 
25: 000001B9F1D8F64D 

<--- Last few GCs --->

[52980:000002B5AF015000]      162 ms: Scavenge 9.9 (12.9) -> 9.3 (17.7) MB, pooled: 0 MB, 0.91 / 0.00 ms  (average mu = 1.000, current mu = 1.000) allocation failure; 
[52980:000002B5AF015000]      362 ms: Scavenge 13.1 (18.4) -> 11.0 (18.9) MB, pooled: 0 MB, 0.84 / 0.00 ms  (average mu = 1.000, current mu = 1.000) task; 
[52980:000002B5AF015000]      403 ms: Scavenge 14.8 (19.9) -> 13.2 (21.2) MB, pooled: 1 MB, 1.62 / 0.00 ms  (average mu = 1.000, current mu = 1.000) allocation failure; 

FATAL ERROR: Zone Allocation failed - process out of memory
----- Native stack trace -----


<--- Last few GCs --->

[52980:000002B5AF015000]      162 ms: Scavenge 9.9 (12.9) -> 9.3 (17.7) MB, pooled: 0 MB, 0.91 / 0.00 ms  (average mu = 1.000, current mu = 1.000) allocation failure; 
[52980:000002B5AF015000]      362 ms: Scavenge 13.1 (18.4) -> 11.0 (18.9) MB, pooled: 0 MB, 0.84 / 0.00 ms  (average mu = 1.000, current mu = 1.000) task; 
[52980:000002B5AF015000]      403 ms: Scavenge 14.8 (19.9) -> 13.2 (21.2) MB, pooled: 1 MB, 1.62 / 0.00 ms  (average mu = 1.000, current mu = 1.000) allocation failure; 

FATAL ERROR: Committing semi space failed. Allocation failed - JavaScript heap out of memory
----- Native stack trace -----

 1: 00007FF64757AD5F 
 2: 00007FF6481C32D7 
 3: 00007FF647FC3997 
 4: 00007FF647F5C3BB 
 5: 00007FF647F8472A 
 6: 00007FF647FC5D76 
 7: 00007FF647FC53C6 
 8: 00007FF647FD6352 
 9: 00007FF647FD5E7B 
10: 00007FF64943E7ED 
11: 00007FF647FC1460 
12: 00007FF648045139 
13: 00007FF647BBAB12 
14: 000002B5E6F7733A 

thread '<unnamed>' (56824) panicked at C:\Users\runneradmin\.cargo\registry\src\index.crates.io-1949cf8c6b5b557f\rayon-core-1.12.1\src\registry.rs:168:10:
The global thread pool has not been initialized.: ThreadPoolBuildError { kind: IOError(Os { code: 1455, kind: Uncategorized, message: "The paging file is too small for this operation to complete." }) }
note: run with `RUST_BACKTRACE=1` environment variable to display a backtrace

<--- Last few GCs --->

[59836:000001FDAD068000]       97 ms: Scavenge 6.4 (8.5) -> 5.5 (10.1) MB, pooled: 0 MB, 0.76 / 0.00 ms  (average mu = 1.000, current mu = 1.000) allocation failure; 
[59836:000001FDAD068000]      192 ms: Scavenge 8.8 (11.7) -> 8.0 (12.2) MB, pooled: 0 MB, 0.87 / 0.00 ms  (average mu = 1.000, current mu = 1.000) allocation failure; 
[59836:000001FDAD068000]      271 ms: Scavenge 10.0 (12.9) -> 9.2 (17.9) MB, pooled: 0 MB, 1.76 / 0.00 ms  (average mu = 1.000, current mu = 1.000) allocation failure; 

FATAL ERROR: Zone Allocation failed - process out of memory
----- Native stack trace -----

 1: 00007FF64757AD5F 
 2: 00007FF6481C32D7 
 3: 00007FF647B3E076 
 4: 00007FF6479DABAD 
 5: 00007FF6479DA92C 
 6: 00007FF647EAFD8D 
 7: 00007FF647ECA404 
 8: 00007FF647EC6229 
 9: 00007FF647EB76D5 
10: 00007FF647EB594B 
11: 00007FF647EB5CD0 
12: 00007FF647EB4EEB 
13: 00007FF647EB435F 
14: 00007FF647EB29F3 
15: 00007FF647EA9E16 
16: 00007FF648147FCF 
17: 00007FF64813E8E8 
18: 00007FF64813E11D 
19: 00007FF64813EBAC 
20: 00007FF647BC225B 
21: 000001FDE503733A 

<--- Last few GCs --->

FATAL ERROR: Committing semi space failed. Allocation failed - JavaScript heap out of memory
----- Native stack trace -----

 1: 00007FF64757AD5F 
 2: 00007FF6481C32D7 
 3: 00007FF647FC3997 
 4: 00007FF647F5C3BB 
 5: 00007FF647F33E0E 
 6: 00007FF647FC6432 
 7: 00007FF647FC53E7 
 8: 00007FF647FD6352 
 9: 00007FF647FD5E7B 
10: 00007FF64943E7ED 
11: 00007FF647FC1460 
12: 00007FF647FDBCEA 
13: 00007FF647FE8186 
14: 00007FF647BBB1E7 
15: 000001D43FE7733A 

<--- Last few GCs --->

[59084:0000025AFADA2000]       26 ms: Mark-Compact 2.9 (5.6) -> 2.7 (5.8) MB, pooled: 0 MB, 3.34 / 0.00 ms  (average mu = 0.858, current mu = 0.858) background allocation failure; GC in old space requested

FATAL ERROR: MarkCompactCollector: young object promotion failed Allocation failed - JavaScript heap out of memory
----- Native stack trace -----


<--- Last few GCs --->

[59084:0000025AFADA2000]       26 ms: Mark-Compact 2.9 (5.6) -> 2.7 (5.8) MB, pooled: 0 MB, 3.34 / 0.00 ms  (average mu = 0.858, current mu = 0.858) background allocation failure; GC in old space requested

FATAL ERROR: MarkCompactCollector: young object promotion failed Allocation failed - JavaScript heap out of memory
----- Native stack trace -----

 1: 00007FF64757AD5F 
 2: 00007FF6481C32D7 
 3: 00007FF647FC3997 
 4: 00007FF647FA32AE 
 5: 00007FF647F9896D 
 6: 00007FF647F9861C 
 7: 00007FF647F98261 
 8: 00007FF647FAA758 
 9: 00007FF64899593F 
10: 00007FF6474CADCE 
11: 00007FF648218646 
12: 00007FF649459FB3 
13: 00007FFDC4097374 
14: 00007FFDC54DCC91 

<--- Last few GCs --->

[45500:0000017B570FB000]       20 ms: Scavenge 3.9 (6.1) -> 3.6 (6.1) MB, pooled: 0 MB, 0.69 / 0.00 ms  (average mu = 1.000, current mu = 1.000) allocation failure; 

FATAL ERROR: NewSpace::EnsureCurrentCapacity Allocation failed - JavaScript heap out of memory
----- Native stack trace -----

 1: 00007FF64757AD5F 
 2: 00007FF6481C32D7 
 3: 00007FF647FC3997 
 4: 00007FF647F84433 
 5: 00007FF647FC5D9A 
 6: 00007FF647FC53C6 
 7: 00007FF647FD6352 
 8: 00007FF647FD5E7B 
 9: 00007FF64943E7ED 
10: 00007FF647FC1460 
11: 00007FF648045139 
12: 00007FF647BBAEB8 
13: 0000017B774F733A 


#
# Fatal process out of memory: Re-embedded builtins: set permissions
#
----- Native stack trace -----


<--- Last few GCs --->

[55952:000001E2CCF28000]      334 ms: Mark-Compact (reduce) 5.0 (8.1) -> 4.7 (6.8) MB, pooled: 0 MB, 3.81 / 0.00 ms  (average mu = 0.989, current mu = 0.989) last resort; GC in old space requested
[55952:000001E2CCF28000]      338 ms: Mark-Compact (reduce) 4.7 (6.8) -> 4.7 (6.3) MB, pooled: 0 MB, 3.57 / 0.00 ms  (average mu = 0.978, current mu = 0.006) last resort; GC in old space requested

FATAL ERROR: Committing semi space failed. Allocation failed - JavaScript heap out of memory
----- Native stack trace -----

 1: 00007FF6474CEF0D 
 2: 00007FF648921D66 
 3: 00007FF6481C32B6 
 4: 00007FF64802A22E 
 5: 00007FF64805D80F 
 6: 00007FF64805E2C2 
 7: 00007FF64805ECA2 
 8: 00007FF647B5C263 
 9: 00007FF6481EE496 
10: 00007FF647688C5D 
11: 00007FF6473E5B84 
12: 00007FF6473E4F19 
13: 00007FF6473EEC30 
14: 00007FF648218646 
15: 00007FF649459FB3 
16: 00007FFDC4097374 
17: 00007FFDC54DCC91 
 1: 00007FF64757AD5F 
 2: 00007FF6481C32D7 
 3: 00007FF647FC3997 
 4: 00007FF647F5C3BB 
 5: 00007FF647F33E0E 
 6: 00007FF647FC6432 
 7: 00007FF647FC53E7 
 8: 00007FF647FD6352 
 9: 00007FF647FD5E7B 
10: 00007FF64943E7ED 
11: 00007FF647FC1460 
12: 00007FF647FDBCEA 
13: 00007FF647FE8186 
14: 00007FF647BBB1E7 
15: 000001E29FE7733A 

<--- Last few GCs --->



#
# Fatal JavaScript out of memory: MemoryChunk allocation failed during deserialization.
#
----- Native stack trace -----


<--- Last few GCs --->



#
# Fatal JavaScript out of memory: MemoryChunk allocation failed during deserialization.
#
----- Native stack trace -----

 1: 00007FF6474CEF0D 
 2: 00007FF648921D66 
 3: 00007FF6481C32B6 
 4: 00007FF647FC3997 
 5: 00007FF647F75BEA 
 6: 00007FF647F75CAC 
 7: 00007FF647F7659B 
 8: 00007FF647F4D7F1 
 9: 00007FF647FB36A3 
10: 00007FF647FB340E 
11: 00007FF647FB21F8 
12: 00007FF647FB217A 
13: 00007FF647B798C3 
14: 00007FF647B7770C 
15: 00007FF647B7E98E 
16: 00007FF647B7813D 
17: 00007FF647B55B74 
18: 00007FF647B73271 
19: 00007FF647B613B2 
20: 00007FF64805E859 
21: 00007FF64805ECA2 
22: 00007FF647B5C263 
23: 00007FF6481EE496 
24: 00007FF647688C5D 
25: 00007FF6473E5B84 
26: 00007FF6473E4F19 
27: 00007FF6473EEC30 
28: 00007FF648218646 
29: 00007FF649459FB3 
30: 00007FFDC4097374 
31: 00007FFDC54DCC91 
 1: 00007FF6474CEF0D 
 2: 00007FF648921D66 
 3: 00007FF6481C32B6 
 4: 00007FF647FC3997 
 5: 00007FF647F75BEA 
 6: 00007FF647F75CAC 
 7: 00007FF647F7659B 
 8: 00007FF647F4D7F1 
 9: 00007FF647FB36A3 
10: 00007FF647FB340E 
11: 00007FF647FB21F8 
12: 00007FF647FB217A 
13: 00007FF647FDBC15 
14: 00007FF647B79938 
15: 00007FF647B7770C 
16: 00007FF647B7E98E 
17: 00007FF647B7813D 
18: 00007FF647FCB958 
19: 00007FF647B56623 
20: 00007FF64805E8AC 
21: 00007FF64805ECA2 
22: 00007FF647B5C263 
23: 00007FF6481EE496 
24: 00007FF647688C5D 
25: 00007FF6473E5B84 
26: 00007FF6473E4F19 
27: 00007FF6473EEC30 
28: 00007FF648218646 
29: 00007FF649459FB3 
30: 00007FFDC4097374 
31: 00007FFDC54DCC91 RtlUserThreadStart+33

<--- Last few GCs --->
[58852:0000013E690A2000]       26 ms: Scavenge 3.3 (4.3) -> 2.6 (5.3) MB, pooled: 0 MB, 0.95 / 0.00 ms  (average mu = 1.000, current mu = 1.000) allocation failure; 

FATAL ERROR: NewSpace::EnsureCurrentCapacity Allocation failed - JavaScript heap out of memory
----- Native stack trace -----


<--- Last few GCs --->

[44000:0000026AFCF29000]       32 ms: Scavenge 3.9 (6.1) -> 3.6 (6.1) MB, pooled: 0 MB, 0.81 / 0.00 ms  (average mu = 1.000, current mu = 1.000) allocation failure; 
[44000:0000026AFCF29000]       41 ms: Scavenge 5.2 (7.1) -> 4.9 (7.6) MB, pooled: 0 MB, 0.92 / 0.00 ms  (average mu = 1.000, current mu = 1.000) allocation failure; 

FATAL ERROR: Committing semi space failed. Allocation failed - JavaScript heap out of memory
----- Native stack trace -----

 1: 00007FF64757AD5F 
 2: 00007FF6481C32D7 
 3: 00007FF647FC3997 
 4: 00007FF647F84433 
 5: 00007FF647FC5D9A 
 6: 00007FF647FC53C6 
 7: 00007FF647FD6352 
 8: 00007FF647FD5E7B 
 9: 00007FF64943E7ED 
10: 00007FF647FC1460 
11: 00007FF647FE7B91 
12: 00007FF648003C2A 
13: 00007FF647CF0C35 
14: 00007FF647CF0BBD 
15: 00007FF647CFC273 
16: 00007FF647CFC07D 
17: 00007FF647D01498 
18: 00007FF647D0A093 
19: 00007FF647F10837 
20: 00007FF647F11AE4 
21: 00007FF647F11780 
22: 00007FF647F1558F 
23: 0000013E1FE7733A 
 1: 00007FF64757AD5F 
 2: 00007FF6481C32D7 
 3: 00007FF647FC3997 
 4: 00007FF647F5C3BB 
 5: 00007FF647F8472A 
 6: 00007FF647FC5D76 
 7: 00007FF647FC53C6 
 8: 00007FF647FD6352 
 9: 00007FF647FD5E7B 
10: 00007FF64943E7ED 
11: 00007FF647FC1460 
12: 00007FF647FE7B91 
13: 00007FF648003C2A 
14: 00007FF647CF0C35 
15: 00007FF647CF0BBD 
16: 00007FF647CFCE0A 
17: 00007FF647CFF995 
18: 00007FF647CFC234 
19: 00007FF647CFC07D 
20: 00007FF647D01498 
21: 00007FF647D0A093 
22: 00007FF647CEDED1 
23: 00007FF647CED709 
24: 00007FF647CEC01F 
25: 00007FF647F117AC 
26: 00007FF647F1558F 
27: 0000026AD7E7733A 

<--- Last few GCs --->

[58872:00000213C13FA000]      496 ms: Scavenge 16.2 (21.4) -> 14.2 (30.2) MB, pooled: 0 MB, 1.82 / 0.00 ms  (average mu = 1.000, current mu = 1.000) allocation failure; 
[58872:00000213C13FA000]      523 ms: Scavenge 21.9 (31.2) -> 15.5 (31.9) MB, pooled: 0 MB, 2.06 / 0.00 ms  (average mu = 1.000, current mu = 1.000) allocation failure; 
[58872:00000213C13FA000]      580 ms: Scavenge 23.1 (32.4) -> 17.4 (33.2) MB, pooled: 0 MB, 2.05 / 0.00 ms  (average mu = 1.000, current mu = 1.000) allocation failure; 

FATAL ERROR: Zone Allocation failed - process out of memory
----- Native stack trace -----



#
# Fatal process out of memory: Re-embedded builtins: set permissions
#
----- Native stack trace -----

 1: 00007FF6474CEF0D 
 2: 00007FF648921D66 
 3: 00007FF6481C32B6 
 4: 00007FF64802A22E 
 5: 00007FF64805D80F 
 6: 00007FF64805E2C2 
 7: 00007FF64805ECA2 
 8: 00007FF647B5C263 
 9: 00007FF6481EE496 
10: 00007FF647688C5D 
11: 00007FF6473E5B84 
12: 00007FF6473E4F19 
13: 00007FF6473EEC30 
14: 00007FF648218646 
15: 00007FF649459FB3 
16: 00007FFDC4097374 
17: 00007FFDC54DCC91 

<--- Last few GCs --->

[61100:000001CFA5D58000]       49 ms: Scavenge 6.4 (9.0) -> 5.5 (10.6) MB, pooled: 0 MB, 0.84 / 0.00 ms  (average mu = 1.000, current mu = 1.000) allocation failure; 
[61100:000001CFA5D58000]      190 ms: Scavenge 8.8 (11.9) -> 7.9 (12.2) MB, pooled: 0 MB, 11.70 / 0.00 ms  (average mu = 1.000, current mu = 1.000) allocation failure; 
[61100:000001CFA5D58000]      338 ms: Scavenge 10.0 (13.7) -> 9.2 (17.9) MB, pooled: 0 MB, 1.15 / 0.00 ms  (average mu = 1.000, current mu = 1.000) allocation failure; 

FATAL ERROR: MarkCompactCollector: young object promotion failed Allocation failed - JavaScript heap out of memory
----- Native stack trace -----


<--- Last few GCs --->

[61100:000001CFA5D58000]       49 ms: Scavenge 6.4 (9.0) -> 5.5 (10.6) MB, pooled: 0 MB, 0.84 / 0.00 ms  (average mu = 1.000, current mu = 1.000) allocation failure; 
[61100:000001CFA5D58000]      190 ms: Scavenge 8.8 (11.9) -> 7.9 (12.2) MB, pooled: 0 MB, 11.70 / 0.00 ms  (average mu = 1.000, current mu = 1.000) allocation failure; 
[61100:000001CFA5D58000]      338 ms: Scavenge 10.0 (13.7) -> 9.2 (17.9) MB, pooled: 0 MB, 1.15 / 0.00 ms  (average mu = 1.000, current mu = 1.000) allocation failure; 

FATAL ERROR: MarkCompactCollector: young object promotion failed Allocation failed - JavaScript heap out of memory
----- Native stack trace -----


<--- Last few GCs --->

[61100:000001CFA5D58000]       49 ms: Scavenge 6.4 (9.0) -> 5.5 (10.6) MB, pooled: 0 MB, 0.84 / 0.00 ms  (average mu = 1.000, current mu = 1.000) allocation failure; 
[61100:000001CFA5D58000]      190 ms: Scavenge 8.8 (11.9) -> 7.9 (12.2) MB, pooled: 0 MB, 11.70 / 0.00 ms  (average mu = 1.000, current mu = 1.000) allocation failure; 
[61100:000001CFA5D58000]      338 ms: Scavenge 10.0 (13.7) -> 9.2 (17.9) MB, pooled: 0 MB, 1.15 / 0.00 ms  (average mu = 1.000, current mu = 1.000) allocation failure; 

FATAL ERROR: MarkCompactCollector: young object promotion failed Allocation failed - JavaScript heap out of memory
----- Native stack trace -----

 1: 00007FF64757AD5F 
 2: 00007FF6481C32D7 
 3: 00007FF647FC3997 
 4: 00007FF647FA32AE 
 5: 00007FF647F9896D 
 6: 00007FF647F9861C 
 7: 00007FF647F98261 
 1: 00007FF64757AD5F 
 8: 00007FF647FAA758 
 2: 00007FF6481C32D7 
 9: 00007FF64899593F 
 3: 00007FF647FC3997 
10: 00007FF6474CADCE 
 4: 00007FF647FA32AE 
11: 00007FF648218646 
 5: 00007FF647F9896D 
12: 00007FF649459FB3 
 6: 00007FF647F9861C 
13: 00007FFDC4097374 
14: 00007FFDC54DCC91 RtlUserThreadStart+33
 7: 00007FF647F98261 
 8: 00007FF647FAA548 
 9: 00007FF64899525D 

<--- Last few GCs --->

[61204:000001B2A1ADB000]       72 ms: Scavenge 6.4 (8.5) -> 5.5 (9.8) MB, pooled: 0 MB, 1.16 / 0.00 ms  (average mu = 1.000, current mu = 1.000) allocation failure; 
[61204:000001B2A1ADB000]      149 ms: Scavenge 8.9 (11.7) -> 8.0 (12.2) MB, pooled: 0 MB, 0.95 / 0.00 ms  (average mu = 1.000, current mu = 1.000) allocation failure; 
[61204:000001B2A1ADB000]      204 ms: Scavenge 10.0 (12.9) -> 9.2 (13.7) MB, pooled: 0 MB, 0.89 / 0.00 ms  (average mu = 1.000, current mu = 1.000) allocation failure; 

FATAL ERROR: Zone Allocation failed - process out of memory
----- Native stack trace -----

 1: 00007FF64757AD5F 
 2: 00007FF6481C32D7 
 3: 00007FF647B3E076 
 4: 00007FF648B43EA0 
 5: 00007FF64896D179 
 6: 00007FF647A36226 
 7: 00007FF647A13B1F 
 8: 00007FF64813F583 
 9: 00007FF64814165A 
10: 00007FF647BC4711 
11: 00007FF647BC280F 
12: 000001B2D9AB733A 

<--- Last few GCs --->

[5968:0000025B910D5000]       50 ms: Scavenge 6.4 (8.8) -> 5.5 (10.3) MB, pooled: 0 MB, 2.40 / 0.00 ms  (average mu = 1.000, current mu = 1.000) allocation failure; 
[5968:0000025B910D5000]      121 ms: Scavenge 8.7 (11.7) -> 7.8 (11.7) MB, pooled: 0 MB, 0.70 / 0.00 ms  (average mu = 1.000, current mu = 1.000) allocation failure; 
[5968:0000025B910D5000]      175 ms: Scavenge 9.9 (12.9) -> 9.2 (13.7) MB, pooled: 1 MB, 1.22 / 0.00 ms  (average mu = 1.000, current mu = 1.000) allocation failure; 

FATAL ERROR: Zone Allocation failed - process out of memory
----- Native stack trace -----


<--- Last few GCs --->

[5968:0000025B910D5000]       50 ms: Scavenge 6.4 (8.8) -> 5.5 (10.3) MB, pooled: 0 MB, 2.40 / 0.00 ms  (average mu = 1.000, current mu = 1.000) allocation failure; 
[5968:0000025B910D5000]      121 ms: Scavenge 8.7 (11.7) -> 7.8 (11.7) MB, pooled: 0 MB, 0.70 / 0.00 ms  (average mu = 1.000, current mu = 1.000) allocation failure; 
[5968:0000025B910D5000]      175 ms: Scavenge 9.9 (12.9) -> 9.2 (13.7) MB, pooled: 1 MB, 1.22 / 0.00 ms  (average mu = 1.000, current mu = 1.000) allocation failure; 

FATAL ERROR: Zone Allocation failed - process out of memory
----- Native stack trace -----

 1: 00007FF64757AD5F 
 2: 00007FF6481C32D7 
 3: 00007FF647B3E076 
 4: 00007FF647C7584F 
 5: 00007FF647C92319 
 6: 00007FF647C8DA3E 
 7: 00007FF647C89E88 
 8: 00007FF647C8BBBB 
 9: 00007FF647C799EB 
10: 00007FF647C78EEA 
11: 00007FF647C6C5E7 
12: 00007FF647C6DDCE 
13: 00007FF647C6D35A 
14: 00007FF647C65FFE 
15: 00007FF64813E0C0 
16: 00007FF64813EBAC 
17: 00007FF647BC225B 
18: 0000025BC903733A 


#
# Fatal process out of memory: Re-embedded builtins: set permissions
#
----- Native stack trace -----

 1: 00007FF6474CEF0D 
 2: 00007FF648921D66 
 3: 00007FF6481C32B6 
 4: 00007FF64802A22E 
 5: 00007FF64805D80F 
 6: 00007FF64805E2C2 
 7: 00007FF64805ECA2 
 8: 00007FF647B5C263 
 9: 00007FF6481EE496 
10: 00007FF647688C5D 
11: 00007FF6473E5B84 
12: 00007FF6473E4F19 
13: 00007FF6473EEC30 
14: 00007FF648218646 
15: 00007FF649459FB3 
16: 00007FFDC4097374 
17: 00007FFDC54DCC91 

<--- Last few GCs --->

FATAL ERROR: Committing semi space failed. Allocation failed - JavaScript heap out of memory
----- Native stack trace -----

 1: 00007FF64757AD5F 
 2: 00007FF6481C32D7 
 3: 00007FF647FC3997 
 4: 00007FF647F5C3BB 
 5: 00007FF647F33E0E 
 6: 00007FF647FC6432 
 7: 00007FF647FC53E7 
 8: 00007FF647FD6352 
 9: 00007FF647FD5E7B 
10: 00007FF64943E7ED 
11: 00007FF647FC1460 
12: 00007FF647FDBCEA 
13: 00007FF647FE8186 
14: 00007FF647BBB1E7 
15: 000002071FE7733A 

<--- Last few GCs --->

[61100:00000272B9968000]       51 ms: Scavenge 6.4 (8.5) -> 5.5 (10.1) MB, pooled: 0 MB, 0.73 / 0.00 ms  (average mu = 1.000, current mu = 1.000) allocation failure; 
[61100:00000272B9968000]      108 ms: Scavenge 8.7 (11.7) -> 7.8 (11.7) MB, pooled: 0 MB, 0.73 / 0.00 ms  (average mu = 1.000, current mu = 1.000) allocation failure; 
[61100:00000272B9968000]      144 ms: Scavenge 9.9 (13.4) -> 9.2 (17.9) MB, pooled: 0 MB, 1.02 / 0.00 ms  (average mu = 1.000, current mu = 1.000) allocation failure; 

FATAL ERROR: MarkCompactCollector: young object promotion failed Allocation failed - JavaScript heap out of memory
----- Native stack trace -----


<--- Last few GCs --->

[61100:00000272B9968000]       51 ms: Scavenge 6.4 (8.5) -> 5.5 (10.1) MB, pooled: 0 MB, 0.73 / 0.00 ms  (average mu = 1.000, current mu = 1.000) allocation failure; 
[61100:00000272B9968000]      108 ms: Scavenge 8.7 (11.7) -> 7.8 (11.7) MB, pooled: 0 MB, 0.73 / 0.00 ms  (average mu = 1.000, current mu = 1.000) allocation failure; 
[61100:00000272B9968000]      144 ms: Scavenge 9.9 (13.4) -> 9.2 (17.9) MB, pooled: 0 MB, 1.02 / 0.00 ms  (average mu = 1.000, current mu = 1.000) allocation failure; 

FATAL ERROR: MarkCompactCollector: young object promotion failed Allocation failed - JavaScript heap out of memory
----- Native stack trace -----


<--- Last few GCs --->

[61100:00000272B9968000]       51 ms: Scavenge 6.4 (8.5) -> 5.5 (10.1) MB, pooled: 0 MB, 0.73 / 0.00 ms  (average mu = 1.000, current mu = 1.000) allocation failure; 
[61100:00000272B9968000]      108 ms: Scavenge 8.7 (11.7) -> 7.8 (11.7) MB, pooled: 0 MB, 0.73 / 0.00 ms  (average mu = 1.000, current mu = 1.000) allocation failure; 
[61100:00000272B9968000]      144 ms: Scavenge 9.9 (13.4) -> 9.2 (17.9) MB, pooled: 0 MB, 1.02 / 0.00 ms  (average mu = 1.000, current mu = 1.000) allocation failure; 

FATAL ERROR: MarkCompactCollector: young object promotion failed Allocation failed - JavaScript heap out of memory
----- Native stack trace -----

 1: 00007FF64757AD5F 
 2: 00007FF6481C32D7 
 3: 00007FF647FC3997 
 4: 00007FF647FA32AE 
 5: 00007FF647F9896D 
 6: 00007FF647F9861C 
 7: 00007FF647F98261 
 1: 00007FF64757AD5F 
 2: 00007FF6481C32D7 
 3: 00007FF647FC3997 
 4: 00007FF647FA32AE 
 5: 00007FF647F9896D 
 6: 00007FF647F9861C 
 7: 00007FF647F98261 
 8: 00007FF647FAA548 
 9: 00007FF64899525D 
10: 00007FF648995572 
11: 00007FF647F9B2A4 
12: 00007FF647F829CD 
13: 00007FF647F7CA44 
14: 00007FF647FC5D9A 
15: 00007FF647FC53C6 
16: 00007FF647FD6352 
17: 00007FF647FD5E7B 
18: 00007FF64943E7ED 
19: 00007FF647FC1460 
20: 00007FF647FDBCEA 
21: 00007FF647FE7B48 
22: 00007FF647FFF4EC 
23: 00007FF647FFF650 
24: 00007FF6481B6B19 
25: 00007FF6481B6BC4 
26: 00007FF6481B5DAD 
27: 00007FF647EB14D6 
28: 00007FF647EB0FC6 
29: 00007FF647EAA1AF 
30: 00007FF647EAA022 
31: 00007FF648146ECC 
32: 00007FF64813E961 
33: 00007FF64813E11D 
34: 00007FF64813EBAC 
35: 00007FF647BC225B 
36: 00000272F207733A 

<--- Last few GCs --->



#
# Fatal JavaScript out of memory: MemoryChunk allocation failed during deserialization.
#
----- Native stack trace -----

 1: 00007FF6474CEF0D 
 2: 00007FF648921D66 
 3: 00007FF6481C32B6 
 4: 00007FF647FC3997 
 5: 00007FF647F75BEA 
 6: 00007FF647F75CAC 
 7: 00007FF647F7659B 
 8: 00007FF647F4D7F1 
 9: 00007FF647FB36A3 
10: 00007FF647FB340E 
11: 00007FF647FB21F8 
12: 00007FF647FB217A 
13: 00007FF647FDBC15 
14: 00007FF647B79938 
15: 00007FF647B7770C 
16: 00007FF647B7E98E 
17: 00007FF647B7813D 
18: 00007FF647FCB958 
19: 00007FF647B56623 
20: 00007FF64805E8AC 
21: 00007FF64805ECA2 
22: 00007FF647B5C263 
23: 00007FF6481EE496 
24: 00007FF647688C5D 
25: 00007FF6473E5B84 
26: 00007FF6473E4F19 
27: 00007FF6473EEC30 
28: 00007FF648218646 
29: 00007FF649459FB3 
30: 00007FFDC4097374 
31: 00007FFDC54DCC91 
memory allocation of 3072 bytes failed
note: run with `RUST_BACKTRACE=1` environment variable to display a backtrace

<--- Last few GCs --->

[55212:000001BBA032B000]      116 ms: Scavenge 8.8 (11.7) -> 8.0 (12.2) MB, pooled: 0 MB, 0.98 / 0.00 ms  (average mu = 1.000, current mu = 1.000) allocation failure; 
[55212:000001BBA032B000]      157 ms: Scavenge 10.0 (12.7) -> 9.2 (17.4) MB, pooled: 0 MB, 1.06 / 0.00 ms  (average mu = 1.000, current mu = 1.000) allocation failure; 
[55212:000001BBA032B000]      335 ms: Scavenge 13.0 (18.4) -> 11.2 (19.2) MB, pooled: 0 MB, 0.83 / 0.00 ms  (average mu = 1.000, current mu = 1.000) task; 

FATAL ERROR: Zone Allocation failed - process out of memory
----- Native stack trace -----


<--- Last few GCs --->

[55212:000001BBA032B000]      116 ms: Scavenge 8.8 (11.7) -> 8.0 (12.2) MB, pooled: 0 MB, 0.98 / 0.00 ms  (average mu = 1.000, current mu = 1.000) allocation failure; 
[55212:000001BBA032B000]      157 ms: Scavenge 10.0 (12.7) -> 9.2 (17.4) MB, pooled: 0 MB, 1.06 / 0.00 ms  (average mu = 1.000, current mu = 1.000) allocation failure; 
[55212:000001BBA032B000]      335 ms: Scavenge 13.0 (18.4) -> 11.2 (19.2) MB, pooled: 0 MB, 0.83 / 0.00 ms  (average mu = 1.000, current mu = 1.000) task; 

FATAL ERROR: Zone Allocation failed - process out of memory
----- Native stack trace -----

 1: 00007FF64757AD5F 
 2: 00007FF6481C32D7 
 3: 00007FF647B3E076 
 4: 00007FF647950CF3 
 5: 00007FF647A5002D 
 6: 00007FF647A38740 
 7: 00007FF647A36C67 
 8: 00007FF647A16E55 
 9: 00007FF647A13E6A 
10: 00007FF648136F0F 
11: 00007FF647A1594B 
12: 00007FF64899593F 
13: 00007FF6474CADCE 
14: 00007FF648218646 
15: 00007FF649459FB3 
16: 00007FFDC4097374 
17: 00007FFDC54DCC91 

<--- Last few GCs --->

[4584:000001DEC7F65000]      273 ms: Scavenge 13.1 (18.6) -> 11.1 (18.9) MB, pooled: 0 MB, 0.70 / 0.00 ms  (average mu = 1.000, current mu = 1.000) task; 
[4584:000001DEC7F65000]      315 ms: Scavenge 14.7 (19.2) -> 13.1 (20.7) MB, pooled: 0 MB, 1.95 / 0.00 ms  (average mu = 1.000, current mu = 1.000) allocation failure; 
[4584:000001DEC7F65000]      695 ms: Scavenge 16.2 (21.4) -> 14.2 (22.4) MB, pooled: 3 MB, 1.86 / 0.00 ms  (average mu = 1.000, current mu = 1.000) allocation failure; 

FATAL ERROR: Committing semi space failed. Allocation failed - JavaScript heap out of memory
----- Native stack trace -----

 1: 00007FF64757AD5F node::OnFatalError+1343
 2: 00007FF6481C32D7 v8::Function::NewInstance+423
 3: 00007FF647FC3997 v8::base::AddressSpaceReservation::AddressSpaceReservation+322071
 4: 00007FF647F5C3BB v8::Platform::SystemClockTimeMillis+491051
 5: 00007FF647F33E0E v8::Platform::SystemClockTimeMillis+325758
 6: 00007FF647FC6432 v8::base::AddressSpaceReservation::AddressSpaceReservation+332978
 7: 00007FF647FC53E7 v8::base::AddressSpaceReservation::AddressSpaceReservation+328807
 8: 00007FF647FD6352 v8::internal::StrongRootAllocatorBase::deallocate_impl+15858
 9: 00007FF647FD5E7B v8::internal::StrongRootAllocatorBase::deallocate_impl+14619
10: 00007FF64943E7ED v8::base::UnsignedDivisionByConstant<unsigned __int64>+2791357
11: 00007FF647FC1460 v8::base::AddressSpaceReservation::AddressSpaceReservation+312544
12: 00007FF647FDBCEA X509_STORE_set_cleanup+5098
13: 00007FF647FE8186 uv_timer_set_repeat+20694
14: 00007FF647BBB1E7 v8::String::Utf8Value::~Utf8Value+143495
15: 000001DE9FE7733A 

<--- Last few GCs --->

[60552:000001CE20795000]      371 ms: Scavenge 14.7 (19.4) -> 13.1 (20.9) MB, pooled: 0 MB, 0.95 / 0.00 ms  (average mu = 1.000, current mu = 1.000) allocation failure; 
[60552:000001CE20795000]      453 ms: Scavenge 16.2 (21.4) -> 14.2 (22.7) MB, pooled: 6 MB, 1.67 / 0.00 ms  (average mu = 1.000, current mu = 1.000) allocation failure; 
[60552:000001CE20795000]      461 ms: Scavenge 17.3 (22.7) -> 14.5 (23.4) MB, pooled: 5 MB, 1.04 / 0.00 ms  (average mu = 1.000, current mu = 1.000) allocation failure; 

FATAL ERROR: Zone Allocation failed - process out of memory
----- Native stack trace -----

 1: 00007FF64757AD5F 
 2: 00007FF6481C32D7 
 3: 00007FF647B3E076 
 4: 00007FF647A6AF7C 
 5: 00007FF647A6AC58 
 6: 00007FF64794B9DE 
 7: 00007FF647A4196D 
 8: 00007FF647A38740 
 9: 00007FF647A36C67 
10: 00007FF647A16E55 
11: 00007FF647A13E6A 
12: 00007FF648136F0F 
13: 00007FF647A1594B 
14: 00007FF64899593F 
15: 00007FF6474CADCE 
16: 00007FF648218646 
17: 00007FF649459FB3 
18: 00007FFDC4097374 
19: 00007FFDC54DCC91 

<--- Last few GCs --->



#
# Fatal JavaScript out of memory: MemoryChunk allocation failed during deserialization.
#
----- Native stack trace -----

 1: 00007FF6474CEF0D 
 2: 00007FF648921D66 
 3: 00007FF6481C32B6 
 4: 00007FF647FC3997 
 5: 00007FF647F75BEA 
 6: 00007FF647F75CAC 
 7: 00007FF647F7659B 
 8: 00007FF647F4D7F1 
 9: 00007FF647FB36A3 
10: 00007FF647FB340E 
11: 00007FF647FB21F8 
12: 00007FF647FB217A 
13: 00007FF647B798C3 
14: 00007FF647B7770C 
15: 00007FF647B7E98E 
16: 00007FF647B7813D 
17: 00007FF647B55B74 
18: 00007FF647B73121 
19: 00007FF647B5662F 
20: 00007FF64805E8AC 
21: 00007FF64805ECA2 
22: 00007FF647B5C263 
23: 00007FF6481EE496 
24: 00007FF647688C5D 
25: 00007FF6473E5B84 
26: 00007FF6473E4F19 
27: 00007FF6473EEC30 
28: 00007FF648218646 
29: 00007FF649459FB3 
30: 00007FFDC4097374 
31: 00007FFDC54DCC91 

<--- Last few GCs --->

FATAL ERROR: Committing semi space failed. Allocation failed - JavaScript heap out of memory
----- Native stack trace -----

 1: 00007FF64757AD5F 
 2: 00007FF6481C32D7 
 3: 00007FF647FC3997 
 4: 00007FF647F5C3BB 
 5: 00007FF647F33E0E 
 6: 00007FF647FC6432 
 7: 00007FF647FC53E7 
 8: 00007FF647FD6352 
 9: 00007FF647FD5E7B 
10: 00007FF64943E7ED 
11: 00007FF647FC1460 
12: 00007FF647FDBCEA 
13: 00007FF647FE8186 
14: 00007FF647BBB1E7 
15: 000002B13FE7733A 

<--- Last few GCs --->

[1112:000001E5DF1F1000]       55 ms: Scavenge 6.4 (8.5) -> 5.5 (10.1) MB, pooled: 0 MB, 0.87 / 0.00 ms  (average mu = 1.000, current mu = 1.000) allocation failure; 

FATAL ERROR: AlignedAlloc Allocation failed - process out of memory
----- Native stack trace -----

 1: 00007FF64757AD5F node::OnFatalError+1343
 2: 00007FF6481C32D7 v8::Function::NewInstance+423
 3: 00007FF647B40FBE v8::internal::Version::GetSONAME+11038
 4: 00007FF647CBB01B v8::MemorySpan<unsigned __int64 const >::operator[]+82043
 5: 00007FF647CB900C v8::MemorySpan<unsigned __int64 const >::operator[]+73836
 6: 00007FF647FFE677 uv_timer_set_repeat+112071
 7: 00007FF6481B98D1 X509_STORE_set_get_issuer+735537
 8: 00007FF6481BA57B X509_STORE_set_get_issuer+738779
 9: 00007FF647C66A37 EC_KEY_METHOD_set_verify+201223
10: 00007FF647C6D386 EC_KEY_METHOD_set_verify+228182
11: 00007FF647C65FFE EC_KEY_METHOD_set_verify+198606
12: 00007FF64813E0C0 X509_STORE_set_get_issuer+229664
13: 00007FF64813EBAC X509_STORE_set_get_issuer+232460
14: 00007FF647BC225B v8::String::Utf8Value::~Utf8Value+172283
15: 000001E59FE7733A 

<--- Last few GCs --->



#
# Fatal JavaScript out of memory: MemoryChunk allocation failed during deserialization.
#
----- Native stack trace -----

 1: 00007FF6474CEF0D 
 2: 00007FF648921D66 
 3: 00007FF6481C32B6 
 4: 00007FF647FC3997 
 5: 00007FF647F75BEA 
 6: 00007FF647F75CAC 
 7: 00007FF647F76B64 
 8: 00007FF647FB57FF 
 9: 00007FF647FB5611 
10: 00007FF647FB5585 
11: 00007FF647FDA98A 
12: 00007FF647B799D6 
13: 00007FF647B7770C 
14: 00007FF647B7E98E 
15: 00007FF647B7813D 
16: 00007FF647FCB958 
17: 00007FF647B56623 
18: 00007FF64805E8AC 
19: 00007FF64805ECA2 
20: 00007FF647B5C263 
21: 00007FF6481EE496 
22: 00007FF647688C5D 
23: 00007FF6473E5B84 
24: 00007FF6473E4F19 
25: 00007FF6473EEC30 
26: 00007FF648218646 
27: 00007FF649459FB3 
28: 00007FFDC4097374 BaseThreadInitThunk+20
29: 00007FFDC54DCC91 

<--- Last few GCs --->

FATAL ERROR: Committing semi space failed. Allocation failed - JavaScript heap out of memory
----- Native stack trace -----

 1: 00007FF64757AD5F 
 2: 00007FF6481C32D7 
 3: 00007FF647FC3997 
 4: 00007FF647F5C3BB 
 5: 00007FF647F33E0E 
 6: 00007FF647FC6432 
 7: 00007FF647FC53E7 
 8: 00007FF647FD6352 
 9: 00007FF647FD5E7B 
10: 00007FF64943E7ED 
11: 00007FF647FC1460 
12: 00007FF647FDBCEA 
13: 00007FF647FE8186 
14: 00007FF647BBB1E7 
15: 000002204FE7733A 

<--- Last few GCs --->

[53920:000001CE75C59000]       22 ms: Mark-Compact 2.9 (5.6) -> 2.7 (5.6) MB, pooled: 0 MB, 2.04 / 0.00 ms  (average mu = 0.899, current mu = 0.899) background allocation failure; GC in old space requested

FATAL ERROR: MarkCompactCollector: young object promotion failed Allocation failed - JavaScript heap out of memory
----- Native stack trace -----

 1: 00007FF64757AD5F 
 2: 00007FF6481C32D7 
 3: 00007FF647FC3997 
 4: 00007FF647FA32AE 
 5: 00007FF647F9896D 
 6: 00007FF647F9861C 
 7: 00007FF647F98261 
 8: 00007FF647FAA548 
 9: 00007FF64899525D 
10: 00007FF648995572 
11: 00007FF647F9B2A4 
12: 00007FF647F829CD 
13: 00007FF647F7CA44 
14: 00007FF647FC5D9A 
15: 00007FF647FC53C6 
16: 00007FF647FD6352 
17: 00007FF647FD5E7B 
18: 00007FF64943E7ED 
19: 00007FF647FC1460 
20: 00007FF647FDBCEA 
21: 00007FF647B79938 
22: 00007FF647B7770C 
23: 00007FF647B7D3B6 
24: 00007FF647B783F8 
25: 00007FF647B778EE 
26: 00007FF647B7D3B6 
27: 00007FF647B783F8 
28: 00007FF647B778EE 
29: 00007FF647B7D3B6 
30: 00007FF647B783F8 
31: 00007FF647B778EE 
32: 00007FF647B7D3B6 
33: 00007FF647B783F8 
34: 00007FF647B778EE 
35: 00007FF647B7C094 
36: 00007FF647B77DE7 
37: 00007FF647B77C9A 
38: 00007FF647B74FF7 
39: 00007FF647B74F74 
40: 00007FF647B85BC5 
41: 00007FF64814377E 
42: 00007FF6481CC793 
43: 00007FF6475AA340 
44: 00007FF6475AAEF2 
45: 00007FF6475ACF76 
46: 000001CE1FDCF64D 

<--- Last few GCs --->

[15892:000002562C91A000]       47 ms: Scavenge 6.4 (8.5) -> 5.5 (10.1) MB, pooled: 0 MB, 0.76 / 0.00 ms  (average mu = 1.000, current mu = 1.000) allocation failure; 
[15892:000002562C91A000]      102 ms: Scavenge 8.7 (11.7) -> 7.8 (11.7) MB, pooled: 0 MB, 0.68 / 0.00 ms  (average mu = 1.000, current mu = 1.000) allocation failure; 
[15892:000002562C91A000]      140 ms: Scavenge 9.9 (12.9) -> 9.2 (17.7) MB, pooled: 0 MB, 1.25 / 0.00 ms  (average mu = 1.000, current mu = 1.000) allocation failure; 

FATAL ERROR: MarkCompactCollector: young object promotion failed Allocation failed - JavaScript heap out of memory
----- Native stack trace -----


<--- Last few GCs --->

[15892:000002562C91A000]       47 ms: Scavenge 6.4 (8.5) -> 5.5 (10.1) MB, pooled: 0 MB, 0.76 / 0.00 ms  (average mu = 1.000, current mu = 1.000) allocation failure; 
[15892:000002562C91A000]      102 ms: Scavenge 8.7 (11.7) -> 7.8 (11.7) MB, pooled: 0 MB, 0.68 / 0.00 ms  (average mu = 1.000, current mu = 1.000) allocation failure; 
[15892:000002562C91A000]      140 ms: Scavenge 9.9 (12.9) -> 9.2 (17.7) MB, pooled: 0 MB, 1.25 / 0.00 ms  (average mu = 1.000, current mu = 1.000) allocation failure; 

FATAL ERROR: MarkCompactCollector: young object promotion failed Allocation failed - JavaScript heap out of memory
----- Native stack trace -----


<--- Last few GCs --->

[15892:000002562C91A000]       47 ms: Scavenge 6.4 (8.5) -> 5.5 (10.1) MB, pooled: 0 MB, 0.76 / 0.00 ms  (average mu = 1.000, current mu = 1.000) allocation failure; 
[15892:000002562C91A000]      102 ms: Scavenge 8.7 (11.7) -> 7.8 (11.7) MB, pooled: 0 MB, 0.68 / 0.00 ms  (average mu = 1.000, current mu = 1.000) allocation failure; 
[15892:000002562C91A000]      140 ms: Scavenge 9.9 (12.9) -> 9.2 (17.7) MB, pooled: 0 MB, 1.25 / 0.00 ms  (average mu = 1.000, current mu = 1.000) allocation failure; 

FATAL ERROR: MarkCompactCollector: young object promotion failed Allocation failed - JavaScript heap out of memory
----- Native stack trace -----

 1: 00007FF64757AD5F 
 1: 00007FF64757AD5F 
 2: 00007FF6481C32D7 
 3: 00007FF647FC3997 
 4: 00007FF647FA32AE 
 5: 00007FF647F9896D 
 6: 00007FF647F9861C 
 7: 00007FF647F98261 
 8: 00007FF647FAA758 
 9: 00007FF64899593F 
10: 00007FF6474CADCE 
11: 00007FF648218646 
12: 00007FF649459FB3 
13: 00007FFDC4097374 
14: 00007FFDC54DCC91 

<--- Last few GCs --->

[12948:0000029C058DA000]       96 ms: Scavenge 8.8 (11.7) -> 8.0 (12.2) MB, pooled: 0 MB, 0.80 / 0.00 ms  (average mu = 1.000, current mu = 1.000) allocation failure; 
[12948:0000029C058DA000]      146 ms: Scavenge 10.0 (12.7) -> 9.2 (17.7) MB, pooled: 0 MB, 1.10 / 0.00 ms  (average mu = 1.000, current mu = 1.000) allocation failure; 
[12948:0000029C058DA000]      278 ms: Scavenge 13.0 (18.1) -> 11.1 (18.7) MB, pooled: 0 MB, 0.71 / 0.00 ms  (average mu = 1.000, current mu = 1.000) task; 

FATAL ERROR: Zone Allocation failed - process out of memory
----- Native stack trace -----


<--- Last few GCs --->

[12948:0000029C058DA000]       96 ms: Scavenge 8.8 (11.7) -> 8.0 (12.2) MB, pooled: 0 MB, 0.80 / 0.00 ms  (average mu = 1.000, current mu = 1.000) allocation failure; 
[12948:0000029C058DA000]      146 ms: Scavenge 10.0 (12.7) -> 9.2 (17.7) MB, pooled: 0 MB, 1.10 / 0.00 ms  (average mu = 1.000, current mu = 1.000) allocation failure; 
[12948:0000029C058DA000]      278 ms: Scavenge 13.0 (18.1) -> 11.1 (18.7) MB, pooled: 0 MB, 0.71 / 0.00 ms  (average mu = 1.000, current mu = 1.000) task; 

FATAL ERROR: Zone Allocation failed - process out of memory
----- Native stack trace -----

 1: 00007FF64757AD5F 
 2: 00007FF6481C32D7 
 3: 00007FF647B3E076 
 4: 00007FF647C816FE 
 5: 00007FF647C824F9 
 6: 00007FF647C802B8 
 7: 00007FF647C7F43E 
 8: 00007FF647C7FCA6 
 9: 00007FF647C7F484 
10: 00007FF647C84E04 
11: 00007FF647C8328E 
12: 00007FF647C81035 
13: 00007FF647C7F43E 
14: 00007FF647C84E04 
15: 00007FF647C8B9A5 
16: 00007FF647C89E88 
17: 00007FF647C8BBBB 
18: 00007FF647C799EB 
19: 00007FF647C6F42A 
20: 00007FF647C80160 
21: 00007FF647C7F484 
22: 00007FF647C85CA2 
23: 00007FF647C826C3 
24: 00007FF647C802B8 
25: 00007FF647C7F43E 
26: 00007FF647C84E04 
27: 00007FF647C9021F 
28: 00007FF647C799EB 
29: 00007FF647C78EEA 
30: 00007FF647C6C5E7 
31: 00007FF647C6DDCE 
32: 00007FF647C6D35A 
33: 00007FF647C65FFE 
34: 00007FF64813E0C0 
35: 00007FF64813EBAC 
36: 00007FF647BC225B 
37: 0000029C3E07733A 

<--- Last few GCs --->

[1700:00000207DEDEE000]       18 ms: Scavenge 3.9 (6.1) -> 3.6 (6.3) MB, pooled: 0 MB, 0.58 / 0.00 ms  (average mu = 1.000, current mu = 1.000) allocation failure; 
[1700:00000207DEDEE000]       26 ms: Scavenge 5.1 (7.1) -> 4.9 (7.6) MB, pooled: 0 MB, 1.11 / 0.00 ms  (average mu = 1.000, current mu = 1.000) allocation failure; 

FATAL ERROR: Committing semi space failed. Allocation failed - JavaScript heap out of memory
----- Native stack trace -----

 1: 00007FF64757AD5F 
 2: 00007FF6481C32D7 
 3: 00007FF647FC3997 
 4: 00007FF647F5C3BB 
 5: 00007FF647F8472A 
 6: 00007FF647FC5D76 
 7: 00007FF647FC53C6 
 8: 00007FF647FD6352 
 9: 00007FF647FD5E7B 
10: 00007FF64943E7ED 
11: 00007FF647FC1460 
12: 00007FF64769C22B 
13: 00007FF64769BFE2 
14: 00007FF6476AD3DD 
15: 00007FF647592CE7 
16: 00007FF6481A2319 
17: 00007FF6481A1D08 
18: 00007FF6481A154A 
19: 00000207FF23727A 

<--- Last few GCs --->

[57852:000002734AEBA000]       98 ms: Scavenge 8.8 (11.7) -> 8.0 (11.9) MB, pooled: 0 MB, 0.85 / 0.00 ms  (average mu = 1.000, current mu = 1.000) allocation failure; 
[57852:000002734AEBA000]      142 ms: Scavenge 9.9 (13.2) -> 9.2 (18.2) MB, pooled: 0 MB, 1.05 / 0.00 ms  (average mu = 1.000, current mu = 1.000) allocation failure; 
[57852:000002734AEBA000]      289 ms: Scavenge 13.1 (18.4) -> 11.1 (19.2) MB, pooled: 0 MB, 0.82 / 0.00 ms  (average mu = 1.000, current mu = 1.000) task; 

FATAL ERROR: MarkCompactCollector: young object promotion failed Allocation failed - JavaScript heap out of memory
----- Native stack trace -----

 1: 00007FF64757AD5F 
 2: 00007FF6481C32D7 
 3: 00007FF647FC3997 
 4: 00007FF647FA32AE 
 5: 00007FF647F9896D 
 6: 00007FF647F9861C 
 7: 00007FF647F98261 
 8: 00007FF647FAA758 
 9: 00007FF64899593F 
10: 00007FF6474CADCE 
11: 00007FF648218646 
12: 00007FF649459FB3 
13: 00007FFDC4097374 
14: 00007FFDC54DCC91 

<--- Last few GCs --->

[4888:00000195B3BCD000]       97 ms: Scavenge 8.7 (11.7) -> 7.8 (11.7) MB, pooled: 0 MB, 0.70 / 0.00 ms  (average mu = 1.000, current mu = 1.000) allocation failure; 
[4888:00000195B3BCD000]      141 ms: Scavenge 9.9 (13.4) -> 9.3 (17.9) MB, pooled: 0 MB, 1.20 / 0.00 ms  (average mu = 1.000, current mu = 1.000) allocation failure; 
[4888:00000195B3BCD000]      302 ms: Scavenge 13.1 (18.6) -> 11.1 (19.2) MB, pooled: 0 MB, 0.79 / 0.00 ms  (average mu = 1.000, current mu = 1.000) task; 

FATAL ERROR: Zone Allocation failed - process out of memory
----- Native stack trace -----


<--- Last few GCs --->

[4888:00000195B3BCD000]       97 ms: Scavenge 8.7 (11.7) -> 7.8 (11.7) MB, pooled: 0 MB, 0.70 / 0.00 ms  (average mu = 1.000, current mu = 1.000) allocation failure; 
[4888:00000195B3BCD000]      141 ms: Scavenge 9.9 (13.4) -> 9.3 (17.9) MB, pooled: 0 MB, 1.20 / 0.00 ms  (average mu = 1.000, current mu = 1.000) allocation failure; 
[4888:00000195B3BCD000]      302 ms: Scavenge 13.1 (18.6) -> 11.1 (19.2) MB, pooled: 0 MB, 0.79 / 0.00 ms  (average mu = 1.000, current mu = 1.000) task; 

FATAL ERROR: Zone Allocation failed - process out of memory
----- Native stack trace -----

 1: 00007FF64757AD5F 
 2: 00007FF6481C32D7 
 3: 00007FF647B3E076 
 4: 00007FF648B43EA0 
 5: 00007FF64896D179 
 6: 00007FF647A36226 
 7: 00007FF647A13B1F 
 8: 00007FF64813F583 
 9: 00007FF648144C25 
10: 00007FF647BC3D04 
11: 00000195EC2B733A 

<--- Last few GCs --->

[14572:0000023320A63000]      104 ms: Scavenge 8.7 (11.7) -> 7.8 (11.7) MB, pooled: 0 MB, 0.70 / 0.00 ms  (average mu = 1.000, current mu = 1.000) allocation failure; 
[14572:0000023320A63000]      148 ms: Scavenge 9.9 (13.4) -> 9.2 (17.9) MB, pooled: 0 MB, 1.57 / 0.00 ms  (average mu = 1.000, current mu = 1.000) allocation failure; 
[14572:0000023320A63000]      283 ms: Scavenge 13.1 (18.4) -> 11.1 (18.9) MB, pooled: 0 MB, 6.17 / 0.00 ms  (average mu = 1.000, current mu = 1.000) task; 

FATAL ERROR: Zone Allocation failed - process out of memory
----- Native stack trace -----


<--- Last few GCs --->

[53064:0000015B5B237000]      100 ms: Scavenge 8.7 (11.7) -> 7.8 (11.7) MB, pooled: 0 MB, 0.67 / 0.00 ms  (average mu = 1.000, current mu = 1.000) allocation failure; 
[53064:0000015B5B237000]      145 ms: Scavenge 9.9 (13.4) -> 9.2 (17.9) MB, pooled: 0 MB, 1.44 / 0.00 ms  (average mu = 1.000, current mu = 1.000) allocation failure; 
[53064:0000015B5B237000]      291 ms: Scavenge 13.1 (18.6) -> 11.2 (18.9) MB, pooled: 0 MB, 2.97 / 0.00 ms  (average mu = 1.000, current mu = 1.000) task; 

FATAL ERROR: Zone Allocation failed - process out of memory
----- Native stack trace -----

 1: 00007FF64757AD5F 
 2: 00007FF6481C32D7 
 3: 00007FF647B3E076 
 4: 00007FF647967BF6 
 5: 00007FF647967BB6 
 6: 00007FF647967BC8 
 7: 00007FF6479681B3 
 8: 00007FF647967F61 
 9: 00007FF647962454 
10: 00007FF64796A50E 
11: 00007FF64796A160 
12: 00007FF6479CEA24 
13: 00007FF6479CE612 
14: 00007FF6479CC401 
15: 00007FF6479CA413 
16: 00007FF6479C8673 
17: 00007FF6479C845B 
18: 00007FF64799F278 
19: 00007FF647A17356 
20: 00007FF647A16070 
21: 00007FF647A13E6A 
22: 00007FF648136F0F 
23: 00007FF647A1594B 
24: 00007FF64899593F 
25: 00007FF6474CADCE 
26: 00007FF648218646 
27: 00007FF649459FB3 
28: 00007FFDC4097374 
29: 00007FFDC54DCC91 

<--- Last few GCs --->

[60376:00000204AFFA7000]       96 ms: Scavenge 8.7 (11.7) -> 7.8 (11.7) MB, pooled: 0 MB, 0.87 / 0.00 ms  (average mu = 1.000, current mu = 1.000) allocation failure; 
[60376:00000204AFFA7000]      135 ms: Scavenge 9.9 (13.2) -> 9.2 (17.7) MB, pooled: 0 MB, 1.00 / 0.00 ms  (average mu = 1.000, current mu = 1.000) allocation failure; 
[60376:00000204AFFA7000]      285 ms: Scavenge 13.0 (18.4) -> 11.2 (18.4) MB, pooled: 0 MB, 19.44 / 0.00 ms  (average mu = 1.000, current mu = 1.000) task; 

FATAL ERROR: Zone Allocation failed - process out of memory
----- Native stack trace -----


<--- Last few GCs --->

[60376:00000204AFFA7000]       96 ms: Scavenge 8.7 (11.7) -> 7.8 (11.7) MB, pooled: 0 MB, 0.87 / 0.00 ms  (average mu = 1.000, current mu = 1.000) allocation failure; 
[60376:00000204AFFA7000]      135 ms: Scavenge 9.9 (13.2) -> 9.2 (17.7) MB, pooled: 0 MB, 1.00 / 0.00 ms  (average mu = 1.000, current mu = 1.000) allocation failure; 
[60376:00000204AFFA7000]      285 ms: Scavenge 13.0 (18.4) -> 11.2 (18.4) MB, pooled: 0 MB, 19.44 / 0.00 ms  (average mu = 1.000, current mu = 1.000) task; 

FATAL ERROR: Zone Allocation failed - process out of memory
----- Native stack trace -----

 1: 00007FF64757AD5F 
 2: 00007FF6481C32D7 
 3: 00007FF647B3E076 
 4: 00007FF647968132 
 5: 00007FF6479680F2 
 6: 00007FF647968104 
 7: 00007FF647967FF3 
 1: 00007FF64757AD5F 
 8: 00007FF647967F3D 
 2: 00007FF6481C32D7 
 9: 00007FF647962454 
 3: 00007FF647B3E076 
10: 00007FF64796A50E 
 4: 00007FF64895E55F 
11: 00007FF64796A160 
 5: 00007FF64895FB36 
12: 00007FF6479CEA24 
 6: 00007FF6479B525D 
13: 00007FF6479CE612 
 7: 00007FF6479B61D7 
14: 00007FF6479CC4CB 
 8: 00007FF6479CA5AA 
15: 00007FF6479C9FE7 
 9: 00007FF6479C8673 
16: 00007FF64799F1EB 
10: 00007FF6479C845B 
17: 00007FF647A17356 
11: 00007FF64799F278 
18: 00007FF647A16070 
12: 00007FF647A17356 
19: 00007FF647A13E6A 
13: 00007FF647A16070 
20: 00007FF648136F0F 
14: 00007FF647A13E6A 
21: 00007FF647A1594B 
15: 00007FF648136F0F 
22: 00007FF64899593F 
16: 00007FF647A1594B 
23: 00007FF6474CADCE 
17: 00007FF64899593F 
24: 00007FF648218646 
18: 00007FF6474CADCE 
25: 00007FF649459FB3 
19: 00007FF648218646 
26: 00007FFDC4097374 
20: 00007FF649459FB3 
27: 00007FFDC54DCC91 
21: 00007FFDC4097374 
22: 00007FFDC54DCC91 

<--- Last few GCs --->

[57888:000002648278C000]      214 ms: Scavenge 8.7 (11.7) -> 7.8 (11.9) MB, pooled: 0 MB, 0.78 / 0.00 ms  (average mu = 1.000, current mu = 1.000) allocation failure; 
[57888:000002648278C000]      261 ms: Scavenge 9.9 (13.4) -> 9.3 (17.7) MB, pooled: 0 MB, 0.96 / 0.00 ms  (average mu = 1.000, current mu = 1.000) allocation failure; 
[57888:000002648278C000]      397 ms: Scavenge 13.1 (18.6) -> 11.2 (19.2) MB, pooled: 0 MB, 0.84 / 0.00 ms  (average mu = 1.000, current mu = 1.000) task; 

FATAL ERROR: Zone Allocation failed - process out of memory
----- Native stack trace -----


<--- Last few GCs --->

[57888:000002648278C000]      214 ms: Scavenge 8.7 (11.7) -> 7.8 (11.9) MB, pooled: 0 MB, 0.78 / 0.00 ms  (average mu = 1.000, current mu = 1.000) allocation failure; 
[57888:000002648278C000]      261 ms: Scavenge 9.9 (13.4) -> 9.3 (17.7) MB, pooled: 0 MB, 0.96 / 0.00 ms  (average mu = 1.000, current mu = 1.000) allocation failure; 
[57888:000002648278C000]      397 ms: Scavenge 13.1 (18.6) -> 11.2 (19.2) MB, pooled: 0 MB, 0.84 / 0.00 ms  (average mu = 1.000, current mu = 1.000) task; 

FATAL ERROR: Zone Allocation failed - process out of memory
----- Native stack trace -----

 1: 00007FF64757AD5F 
 2: 00007FF6481C32D7 
 3: 00007FF647B3E076 
 4: 00007FF647968FCD 
 5: 00007FF647984141 
 6: 00007FF647990016 
 7: 00007FF6479907FF 
 8: 00007FF6479C952A 
 9: 00007FF6479C8673 
10: 00007FF6479C845B 
11: 00007FF64799F278 
12: 00007FF647A17356 
13: 00007FF647A16070 
14: 00007FF647A13E6A 
15: 00007FF648136F0F 
16: 00007FF647A1594B 
17: 00007FF64899593F 
18: 00007FF6474CADCE 
19: 00007FF648218646 
20: 00007FF649459FB3 
21: 00007FFDC4097374 
22: 00007FFDC54DCC91 

<--- Last few GCs --->

[16412:0000020677126000]       97 ms: Scavenge 8.8 (11.7) -> 8.0 (12.2) MB, pooled: 0 MB, 0.95 / 0.00 ms  (average mu = 1.000, current mu = 1.000) allocation failure; 
[16412:0000020677126000]      143 ms: Scavenge 10.0 (13.2) -> 9.2 (17.7) MB, pooled: 0 MB, 1.00 / 0.00 ms  (average mu = 1.000, current mu = 1.000) allocation failure; 
[16412:0000020677126000]      271 ms: Scavenge 13.0 (18.1) -> 11.1 (18.9) MB, pooled: 0 MB, 1.29 / 0.00 ms  (average mu = 1.000, current mu = 1.000) task; 

FATAL ERROR: Zone Allocation failed - process out of memory
----- Native stack trace -----

 1: 00007FF64757AD5F 
 2: 00007FF6481C32D7 
 3: 00007FF647B3E076 
 4: 00007FF647968132 
 5: 00007FF647968104 
 6: 00007FF6479680F2 
 7: 00007FF647968104 
 8: 00007FF6479680F2 
 9: 00007FF6479680F2 
10: 00007FF647968104 
11: 00007FF647967FF3 
12: 00007FF647967F3D 
13: 00007FF647962454 
14: 00007FF64796A50E 
15: 00007FF64796A160 
16: 00007FF6479CEA24 
17: 00007FF6479CE612 
18: 00007FF6479CC4CB 
19: 00007FF6479C9FE7 
20: 00007FF64799F1EB 
21: 00007FF647A17356 
22: 00007FF647A16070 
23: 00007FF647A13E6A 
24: 00007FF648136F0F 
25: 00007FF647A1594B 
26: 00007FF64899593F 
27: 00007FF6474CADCE 
28: 00007FF648218646 
29: 00007FF649459FB3 
30: 00007FFDC4097374 
31: 00007FFDC54DCC91 

<--- Last few GCs --->

[36536:0000021450B74000]       94 ms: Scavenge 8.7 (11.7) -> 7.8 (11.7) MB, pooled: 0 MB, 0.73 / 0.00 ms  (average mu = 1.000, current mu = 1.000) allocation failure; 
[36536:0000021450B74000]      138 ms: Scavenge 9.9 (13.2) -> 9.2 (17.4) MB, pooled: 0 MB, 2.05 / 0.00 ms  (average mu = 1.000, current mu = 1.000) allocation failure; 
[36536:0000021450B74000]      278 ms: Scavenge 13.1 (18.4) -> 11.1 (18.9) MB, pooled: 0 MB, 0.86 / 0.00 ms  (average mu = 1.000, current mu = 1.000) task; 

FATAL ERROR: Zone Allocation failed - process out of memory
----- Native stack trace -----


<--- Last few GCs --->

[36536:0000021450B74000]       94 ms: Scavenge 8.7 (11.7) -> 7.8 (11.7) MB, pooled: 0 MB, 0.73 / 0.00 ms  (average mu = 1.000, current mu = 1.000) allocation failure; 
[36536:0000021450B74000]      138 ms: Scavenge 9.9 (13.2) -> 9.2 (17.4) MB, pooled: 0 MB, 2.05 / 0.00 ms  (average mu = 1.000, current mu = 1.000) allocation failure; 
[36536:0000021450B74000]      278 ms: Scavenge 13.1 (18.4) -> 11.1 (18.9) MB, pooled: 0 MB, 0.86 / 0.00 ms  (average mu = 1.000, current mu = 1.000) task; 

FATAL ERROR: Zone Allocation failed - process out of memory
----- Native stack trace -----

 1: 00007FF64757AD5F 
 2: 00007FF6481C32D7 
 3: 00007FF647B3E076 
 4: 00007FF6479D64F5 
 5: 00007FF647985A8E 
 6: 00007FF64797B58C 
 7: 00007FF64798A77A 
 8: 00007FF64798B1BC 
 9: 00007FF647994F23 
10: 00007FF6479C92A1 
11: 00007FF64799F1EB 
12: 00007FF647A17356 
13: 00007FF647A16070 
14: 00007FF647A13E6A 
15: 00007FF648136F0F 
16: 00007FF647A1594B 
17: 00007FF64899593F 
18: 00007FF6474CADCE 
19: 00007FF648218646 
20: 00007FF649459FB3 
21: 00007FFDC4097374 
22: 00007FFDC54DCC91 

<--- Last few GCs --->

[59612:000001A79F516000]      100 ms: Scavenge 8.7 (11.9) -> 7.8 (11.9) MB, pooled: 0 MB, 0.73 / 0.00 ms  (average mu = 1.000, current mu = 1.000) allocation failure; 
[59612:000001A79F516000]      147 ms: Scavenge 9.9 (13.4) -> 9.2 (17.9) MB, pooled: 0 MB, 1.26 / 0.00 ms  (average mu = 1.000, current mu = 1.000) allocation failure; 
[59612:000001A79F516000]      271 ms: Scavenge 13.1 (18.4) -> 11.1 (19.2) MB, pooled: 0 MB, 4.36 / 0.00 ms  (average mu = 1.000, current mu = 1.000) task; 

FATAL ERROR: Zone Allocation failed - process out of memory
----- Native stack trace -----

 1: 00007FF64757AD5F 
 2: 00007FF6481C32D7 
 3: 00007FF647B3E076 
 4: 00007FF64894E7A5 
 5: 00007FF64894EFAB 
 6: 00007FF64796BFD1 
 7: 00007FF647A15F63 
 8: 00007FF647A13E6A 
 9: 00007FF648136F0F 
10: 00007FF647A1594B 
11: 00007FF64899593F 
12: 00007FF6474CADCE 
13: 00007FF648218646 
14: 00007FF649459FB3 
15: 00007FFDC4097374 BaseThreadInitThunk+20
16: 00007FFDC54DCC91 

<--- Last few GCs --->

[11868:0000029F4B427000]       97 ms: Scavenge 8.8 (11.7) -> 7.9 (12.2) MB, pooled: 0 MB, 0.75 / 0.00 ms  (average mu = 1.000, current mu = 1.000) allocation failure; 
[11868:0000029F4B427000]      142 ms: Scavenge 10.0 (13.2) -> 9.2 (17.7) MB, pooled: 0 MB, 1.24 / 0.00 ms  (average mu = 1.000, current mu = 1.000) allocation failure; 
[11868:0000029F4B427000]      271 ms: Scavenge 13.0 (18.4) -> 11.1 (18.9) MB, pooled: 0 MB, 0.74 / 0.00 ms  (average mu = 1.000, current mu = 1.000) task; 

FATAL ERROR: Zone Allocation failed - process out of memory
----- Native stack trace -----

 1: 00007FF64757AD5F 
 2: 00007FF6481C32D7 
 3: 00007FF647B3E076 
 4: 00007FF647968132 
 5: 00007FF647968104 
 6: 00007FF6479680F2 
 7: 00007FF647967FF3 
 8: 00007FF647967F3D 
 9: 00007FF647962454 
10: 00007FF64796A50E 
11: 00007FF64796A160 
12: 00007FF6479CEA24 
13: 00007FF6479CE612 
14: 00007FF6479CC401 
15: 00007FF6479CA413 
16: 00007FF6479C8673 
17: 00007FF6479C845B 
18: 00007FF64799F278 
19: 00007FF647A17356 
20: 00007FF647A16070 
21: 00007FF647A13E6A 
22: 00007FF648136F0F 
23: 00007FF647A1594B 
24: 00007FF64899593F 
25: 00007FF6474CADCE 
26: 00007FF648218646 
27: 00007FF649459FB3 
28: 00007FFDC4097374 
29: 00007FFDC54DCC91 

<--- Last few GCs --->

[52652:00000212FF17E000]       26 ms: Scavenge 4.0 (6.1) -> 3.7 (6.3) MB, pooled: 0 MB, 1.37 / 0.00 ms  (average mu = 1.000, current mu = 1.000) allocation failure; 
[52652:00000212FF17E000]       35 ms: Scavenge 5.2 (7.1) -> 4.9 (7.6) MB, pooled: 0 MB, 1.04 / 0.00 ms  (average mu = 1.000, current mu = 1.000) allocation failure; 

FATAL ERROR: Committing semi space failed. Allocation failed - JavaScript heap out of memory
----- Native stack trace -----

 1: 00007FF64757AD5F 
 2: 00007FF6481C32D7 
 3: 00007FF647FC3997 
 4: 00007FF647F5C3BB 
 5: 00007FF647F8472A 
 6: 00007FF647FC5D76 
 7: 00007FF647FC53C6 
 8: 00007FF647FD6352 
 9: 00007FF647FD5E7B 
10: 00007FF64943E7ED 
11: 00007FF647FC1460 
12: 00007FF647FE7BC6 
13: 00007FF647FFE3FB 
14: 00007FF647FF1979 
15: 00007FF647DC80E8 
16: 00007FF647D90507 
17: 00007FF647D90B52 
18: 00007FF64813EC03 
19: 00007FF647BC225B 
20: 00000212C7E7733A 

<--- Last few GCs --->

[54572:000001EBF59CA000]       18 ms: Scavenge 4.0 (6.1) -> 3.6 (6.3) MB, pooled: 0 MB, 0.64 / 0.00 ms  (average mu = 1.000, current mu = 1.000) allocation failure; 
[54572:000001EBF59CA000]       24 ms: Scavenge 5.2 (7.1) -> 4.9 (7.6) MB, pooled: 0 MB, 0.82 / 0.00 ms  (average mu = 1.000, current mu = 1.000) allocation failure; 

FATAL ERROR: Committing semi space failed. Allocation failed - JavaScript heap out of memory
----- Native stack trace -----

 1: 00007FF64757AD5F 
 2: 00007FF6481C32D7 
 3: 00007FF647FC3997 
 4: 00007FF647F5C3BB 
 5: 00007FF647F8472A 
 6: 00007FF647FC5D76 
 7: 00007FF647FC53C6 
 8: 00007FF647FD6352 
 9: 00007FF647FD5E7B 
10: 00007FF64943E7ED 
11: 00007FF647FC1460 
12: 00007FF647FDBCEA 
13: 00007FF647B79938 
14: 00007FF647B7770C 
15: 00007FF647B7D3B6 
16: 00007FF647B783F8 
17: 00007FF647B778EE 
18: 00007FF647B7D3B6 
19: 00007FF647B783F8 
20: 00007FF647B778EE 
21: 00007FF647B7D3B6 
22: 00007FF647B783F8 
23: 00007FF647B778EE 
24: 00007FF647B7D3B6 
25: 00007FF647B783F8 
26: 00007FF647B778EE 
27: 00007FF647B7D3B6 
28: 00007FF647B783F8 
29: 00007FF647B778EE 
30: 00007FF647B7D3B6 
31: 00007FF647B783F8 
32: 00007FF647B778EE 
33: 00007FF647B7D3B6 
34: 00007FF647B783F8 
35: 00007FF647B778EE 
36: 00007FF647B7D3B6 
37: 00007FF647B783F8 
38: 00007FF647B778EE 
39: 00007FF647B7D3B6 
40: 00007FF647B783F8 
41: 00007FF647B778EE 
42: 00007FF647B7C094 
43: 00007FF647B77DE7 
44: 00007FF647B77C9A 
45: 00007FF647B74FF7 
46: 00007FF647B74F74 
47: 00007FF647B85BC5 
48: 00007FF64814377E 
49: 00007FF6481CC793 
50: 00007FF6475AA340 
51: 00007FF6475AAEF2 
52: 00007FF6475ACF76 
53: 000001EBBFDCF64D 

<--- Last few GCs --->

[5980:000001EEE1481000]       23 ms: Scavenge 4.0 (6.1) -> 3.7 (6.3) MB, pooled: 0 MB, 0.68 / 0.00 ms  (average mu = 1.000, current mu = 1.000) allocation failure; 
[5980:000001EEE1481000]       31 ms: Scavenge 5.2 (7.1) -> 5.0 (7.6) MB, pooled: 0 MB, 0.72 / 0.00 ms  (average mu = 1.000, current mu = 1.000) allocation failure; 

FATAL ERROR: Committing semi space failed. Allocation failed - JavaScript heap out of memory
----- Native stack trace -----

 1: 00007FF64757AD5F 
 2: 00007FF6481C32D7 
 3: 00007FF647FC3997 
 4: 00007FF647F5C3BB 
 5: 00007FF647F8472A 
 6: 00007FF647FC5D76 
 7: 00007FF647FC53C6 
 8: 00007FF647FD6352 
 9: 00007FF647FD5E7B 
10: 00007FF64943E7ED 
11: 00007FF647FC1460 
12: 00007FF647FE7B91 
13: 00007FF647FFF4EC 
14: 00007FF647FFF485 
15: 00007FF647CE1C45 
16: 00007FF647FF6BB9 
17: 00007FF647BB7642 
18: 00007FF647BB6233 
19: 000001EEBFE7733A 

<--- Last few GCs --->

[50920:000002D3B9CAA000]       23 ms: Scavenge 3.9 (6.1) -> 3.6 (6.1) MB, pooled: 0 MB, 0.64 / 0.00 ms  (average mu = 1.000, current mu = 1.000) allocation failure; 
[50920:000002D3B9CAA000]       27 ms: Mark-Compact 3.9 (6.1) -> 3.5 (6.3) MB, pooled: 0 MB, 2.21 / 0.00 ms  (average mu = 0.912, current mu = 0.912) allocation failure; GC in old space requested

FATAL ERROR: Committing semi space failed. Allocation failed - JavaScript heap out of memory
----- Native stack trace -----

 1: 00007FF64757AD5F 
 2: 00007FF6481C32D7 
 3: 00007FF647FC3997 
 4: 00007FF647F5C3BB 
 5: 00007FF647F8472A 
 6: 00007FF647FC5D76 
 7: 00007FF647FC53C6 
 8: 00007FF647FD6352 
 9: 00007FF647FD5E7B 
10: 00007FF64943E7ED 
11: 00007FF647FC1460 
12: 00007FF647FDBCEA 
13: 00007FF647B79938 
14: 00007FF647B7770C 
15: 00007FF647B7D3B6 
16: 00007FF647B783F8 
17: 00007FF647B778EE 
18: 00007FF647B7D3B6 
19: 00007FF647B783F8 
20: 00007FF647B778EE 
21: 00007FF647B7D3B6 
22: 00007FF647B783F8 
23: 00007FF647B778EE 
24: 00007FF647B7C094 
25: 00007FF647B77DE7 
26: 00007FF647B77C9A 
27: 00007FF647B74FF7 
28: 00007FF647B74F74 
29: 00007FF647B85BC5 
30: 00007FF64814377E 
31: 00007FF6481CC793 
32: 00007FF6475AA340 
33: 00007FF6475AAEF2 
34: 00007FF6475ACF76 
35: 000002D3D9F4F64D 

<--- Last few GCs --->

[15464:000001BBCC893000]       23 ms: Scavenge 3.9 (6.1) -> 3.6 (6.1) MB, pooled: 0 MB, 0.63 / 0.00 ms  (average mu = 1.000, current mu = 1.000) allocation failure; 
[15464:000001BBCC893000]       42 ms: Scavenge 5.1 (6.8) -> 4.8 (7.6) MB, pooled: 0 MB, 12.47 / 0.00 ms  (average mu = 1.000, current mu = 1.000) allocation failure; 

FATAL ERROR: Committing semi space failed. Allocation failed - JavaScript heap out of memory
----- Native stack trace -----

 1: 00007FF64757AD5F 
 2: 00007FF6481C32D7 
 3: 00007FF647FC3997 
 4: 00007FF647F5C3BB 
 5: 00007FF647F8472A 
 6: 00007FF647FC5D76 
 7: 00007FF647FC53C6 
 8: 00007FF647FD6352 
 9: 00007FF647FD5E7B 
10: 00007FF64943E7ED 
11: 00007FF647FC1460 
12: 00007FF647FE7B91 
13: 00007FF647FFF4EC 
14: 00007FF647FFF485 
15: 00007FF647CE0D2E 
16: 00007FF647CE129D 
17: 00007FF647CE196B 
18: 00007FF647D0A52A 
19: 00007FF647CEDEDC 
20: 00007FF647CED709 
21: 00007FF647D6A63B 
22: 00007FF647BB250B 
23: 000001BBECBB733A 

<--- Last few GCs --->

[16452:0000018C71547000]       17 ms: Mark-Compact 3.0 (5.3) -> 2.7 (5.6) MB, pooled: 0 MB, 2.23 / 0.00 ms  (average mu = 0.852, current mu = 0.852) background allocation failure; GC in old space requested

FATAL ERROR: MarkCompactCollector: young object promotion failed Allocation failed - JavaScript heap out of memory
----- Native stack trace -----

 1: 00007FF64757AD5F 
 2: 00007FF6481C32D7 
 3: 00007FF647FC3997 
 4: 00007FF647FA32AE 
 5: 00007FF647F9896D 
 6: 00007FF647F9861C 
 7: 00007FF647F98261 
 8: 00007FF647FAA548 
 9: 00007FF64899525D 
10: 00007FF648995572 
11: 00007FF647F9B2A4 
12: 00007FF647F829CD 
13: 00007FF647F7CA44 
14: 00007FF647FC5D9A 
15: 00007FF647FC53C6 
16: 00007FF647FD6352 
17: 00007FF647FD5E7B 
18: 00007FF64943E7ED 
19: 00007FF647FC1460 
20: 00007FF647FDBCEA 
21: 00007FF647B79938 
22: 00007FF647B7770C 
23: 00007FF647B7D3B6 
24: 00007FF647B783F8 
25: 00007FF647B778EE 
26: 00007FF647B7D3B6 
27: 00007FF647B783F8 
28: 00007FF647B778EE 
29: 00007FF647B7D3B6 
30: 00007FF647B783F8 
31: 00007FF647B778EE 
32: 00007FF647B7D3B6 
33: 00007FF647B783F8 
34: 00007FF647B778EE 
35: 00007FF647B7C094 
36: 00007FF647B77DE7 
37: 00007FF647B77C9A 
38: 00007FF647B74FF7 
39: 00007FF647B74F74 
40: 00007FF647B85BC5 
41: 00007FF64814377E 
42: 00007FF6481CC793 
43: 00007FF6475AA340 
44: 00007FF6475AAEF2 
45: 00007FF6475ACF76 
46: 0000018C1FDCF64D 

<--- Last few GCs --->

[61272:0000012A67948000]       22 ms: Scavenge 3.9 (6.1) -> 3.6 (6.3) MB, pooled: 0 MB, 0.76 / 0.00 ms  (average mu = 1.000, current mu = 1.000) allocation failure; 
[61272:0000012A67948000]       31 ms: Scavenge 5.1 (6.8) -> 4.8 (7.3) MB, pooled: 0 MB, 0.82 / 0.00 ms  (average mu = 1.000, current mu = 1.000) allocation failure; 

FATAL ERROR: Committing semi space failed. Allocation failed - JavaScript heap out of memory
----- Native stack trace -----

 1: 00007FF64757AD5F 
 2: 00007FF6481C32D7 
 3: 00007FF647FC3997 
 4: 00007FF647F5C3BB 
 5: 00007FF647F8472A 
 6: 00007FF647FC5D76 
 7: 00007FF647FC53C6 
 8: 00007FF647FD6352 
 9: 00007FF647FD5E7B 
10: 00007FF64943E7ED 
11: 00007FF647FC1460 
12: 00007FF647B799AE 
13: 00007FF647B7770C 
14: 00007FF647B7C094 
15: 00007FF647B77DE7 
16: 00007FF647B77C9A 
17: 00007FF647B74FF7 
18: 00007FF647B74F74 
19: 00007FF647B85BC5 
20: 00007FF64814377E 
21: 00007FF6481CC793 
22: 00007FF6475AA340 
23: 00007FF6475AAEF2 
24: 00007FF6475ACF76 
25: 0000012A3FDCF64D 

<--- Last few GCs --->

[57852:00000123F84CD000]       23 ms: Scavenge 3.9 (6.1) -> 3.6 (6.3) MB, pooled: 0 MB, 0.76 / 0.00 ms  (average mu = 1.000, current mu = 1.000) allocation failure; 
[57852:00000123F84CD000]       33 ms: Scavenge 5.1 (7.1) -> 4.9 (7.6) MB, pooled: 0 MB, 0.84 / 0.00 ms  (average mu = 1.000, current mu = 1.000) allocation failure; 

FATAL ERROR: Committing semi space failed. Allocation failed - JavaScript heap out of memory
----- Native stack trace -----

 1: 00007FF64757AD5F 
 2: 00007FF6481C32D7 
 3: 00007FF647FC3997 
 4: 00007FF647F5C3BB 
 5: 00007FF647F8472A 
 6: 00007FF647FC5D76 
 7: 00007FF647FC53C6 
 8: 00007FF647FD6352 
 9: 00007FF647FD5E7B 
10: 00007FF64943E7ED 
11: 00007FF647FC1460 
12: 00007FF647FE7B91 
13: 00007FF647FFF4EC 
14: 00007FF647FFF485 
15: 00007FF647CE0D2E 
16: 00007FF647CE129D 
17: 00007FF647CE196B 
18: 00007FF647D0A52A 
19: 00007FF647CEDEDC 
20: 00007FF647CED709 
21: 00007FF647D6A63B 
22: 00007FF647BB250B 
23: 00000123CFE7733A 

<--- Last few GCs --->

[59292:000001D4FC6E6000]       24 ms: Scavenge 3.9 (6.1) -> 3.6 (6.1) MB, pooled: 0 MB, 0.66 / 0.00 ms  (average mu = 1.000, current mu = 1.000) allocation failure; 

FATAL ERROR: NewSpace::EnsureCurrentCapacity Allocation failed - JavaScript heap out of memory
----- Native stack trace -----

 1: 00007FF64757AD5F 
 2: 00007FF6481C32D7 
 3: 00007FF647FC3997 
 4: 00007FF647F84433 
 5: 00007FF647FC5D9A 
 6: 00007FF647FC53C6 
 7: 00007FF647FD6352 
 8: 00007FF647FD5E7B 
 9: 00007FF64943E7ED 
10: 00007FF647FC1460 
11: 00007FF647FDBCEA 
12: 00007FF647B79938 
13: 00007FF647B7770C 
14: 00007FF647B7D3B6 
15: 00007FF647B783F8 
16: 00007FF647B778EE 
17: 00007FF647B7D3B6 
18: 00007FF647B783F8 
19: 00007FF647B778EE 
20: 00007FF647B7D3B6 
21: 00007FF647B783F8 
22: 00007FF647B778EE 
23: 00007FF647B7D3B6 
24: 00007FF647B783F8 
25: 00007FF647B778EE 
26: 00007FF647B7D3B6 
27: 00007FF647B783F8 
28: 00007FF647B778EE 
29: 00007FF647B7D3B6 
30: 00007FF647B783F8 
31: 00007FF647B778EE 
32: 00007FF647B7C094 
33: 00007FF647B77DE7 
34: 00007FF647B77C9A 
35: 00007FF647B74FF7 
36: 00007FF647B74F74 
37: 00007FF647B85BC5 
38: 00007FF64814377E 
39: 00007FF6481CC793 
40: 00007FF6475AA340 
41: 00007FF6475AAEF2 
42: 00007FF6475ACF76 
43: 000001D4BFDCF64D 

<--- Last few GCs --->

[59740:00000115619C0000]       25 ms: Scavenge 4.0 (6.1) -> 3.7 (6.3) MB, pooled: 0 MB, 0.68 / 0.00 ms  (average mu = 1.000, current mu = 1.000) allocation failure; 
[59740:00000115619C0000]       32 ms: Scavenge 5.2 (7.1) -> 4.9 (7.6) MB, pooled: 0 MB, 0.76 / 0.00 ms  (average mu = 1.000, current mu = 1.000) allocation failure; 

FATAL ERROR: Committing semi space failed. Allocation failed - JavaScript heap out of memory
----- Native stack trace -----

 1: 00007FF64757AD5F 
 2: 00007FF6481C32D7 
 3: 00007FF647FC3997 
 4: 00007FF647F5C3BB 
 5: 00007FF647F8472A 
 6: 00007FF647FC5D76 
 7: 00007FF647FC53C6 
 8: 00007FF647FD6352 
 9: 00007FF647FD5E7B 
10: 00007FF64943E7ED 
11: 00007FF647FC1460 
12: 00007FF647FDBEFE 
13: 00007FF647FF25C6 
14: 00007FF647CFED98 
15: 00007FF647CFF8AF 
16: 00007FF647CFC234 
17: 00007FF647CFC07D 
18: 00007FF647D01498 
19: 00007FF647D0A093 
20: 00007FF647CEDED1 
21: 00007FF647CED709 
22: 00007FF647D6A63B 
23: 00007FF647D74444 
24: 00007FF647BB7896 
25: 00007FF647BB6233 
26: 000001153FE7733A 

<--- Last few GCs --->

[13916:00000192780E9000]       49 ms: Scavenge 6.4 (8.5) -> 5.5 (10.1) MB, pooled: 0 MB, 0.64 / 0.00 ms  (average mu = 1.000, current mu = 1.000) allocation failure; 
[13916:00000192780E9000]       97 ms: Scavenge 8.7 (11.7) -> 7.8 (11.7) MB, pooled: 0 MB, 0.73 / 0.00 ms  (average mu = 1.000, current mu = 1.000) allocation failure; 
[13916:00000192780E9000]      142 ms: Scavenge 9.9 (13.4) -> 9.2 (17.9) MB, pooled: 0 MB, 1.41 / 0.00 ms  (average mu = 1.000, current mu = 1.000) allocation failure; 

FATAL ERROR: MarkCompactCollector: young object promotion failed Allocation failed - JavaScript heap out of memory
----- Native stack trace -----


<--- Last few GCs --->

[13916:00000192780E9000]       49 ms: Scavenge 6.4 (8.5) -> 5.5 (10.1) MB, pooled: 0 MB, 0.64 / 0.00 ms  (average mu = 1.000, current mu = 1.000) allocation failure; 
[13916:00000192780E9000]       97 ms: Scavenge 8.7 (11.7) -> 7.8 (11.7) MB, pooled: 0 MB, 0.73 / 0.00 ms  (average mu = 1.000, current mu = 1.000) allocation failure; 
[13916:00000192780E9000]      142 ms: Scavenge 9.9 (13.4) -> 9.2 (17.9) MB, pooled: 0 MB, 1.41 / 0.00 ms  (average mu = 1.000, current mu = 1.000) allocation failure; 

FATAL ERROR: MarkCompactCollector: young object promotion failed Allocation failed - JavaScript heap out of memory
----- Native stack trace -----


<--- Last few GCs --->

[13916:00000192780E9000]       49 ms: Scavenge 6.4 (8.5) -> 5.5 (10.1) MB, pooled: 0 MB, 0.64 / 0.00 ms  (average mu = 1.000, current mu = 1.000) allocation failure; 
[13916:00000192780E9000]       97 ms: Scavenge 8.7 (11.7) -> 7.8 (11.7) MB, pooled: 0 MB, 0.73 / 0.00 ms  (average mu = 1.000, current mu = 1.000) allocation failure; 
[13916:00000192780E9000]      142 ms: Scavenge 9.9 (13.4) -> 9.2 (17.9) MB, pooled: 0 MB, 1.41 / 0.00 ms  (average mu = 1.000, current mu = 1.000) allocation failure; 

FATAL ERROR: MarkCompactCollector: young object promotion failed Allocation failed - JavaScript heap out of memory
----- Native stack trace -----

 1: 00007FF64757AD5F 
 2: 00007FF6481C32D7 
 3: 00007FF647FC3997 
 4: 00007FF647FA32AE 
 5: 00007FF647F9896D 
 6: 00007FF647F9861C 
 7: 00007FF647F98261 
 8: 00007FF647FAA758 
 9: 00007FF64899593F 
10: 00007FF6474CADCE 
11: 00007FF648218646 
12: 00007FF649459FB3 
13: 00007FFDC4097374 
14: 00007FFDC54DCC91 

<--- Last few GCs --->

[58252:000002AC89268000]      106 ms: Scavenge 8.7 (11.7) -> 7.8 (11.7) MB, pooled: 0 MB, 0.76 / 0.00 ms  (average mu = 1.000, current mu = 1.000) allocation failure; 
[58252:000002AC89268000]      146 ms: Scavenge 9.9 (12.9) -> 9.2 (17.4) MB, pooled: 0 MB, 1.22 / 0.00 ms  (average mu = 1.000, current mu = 1.000) allocation failure; 
[58252:000002AC89268000]      263 ms: Scavenge 13.1 (18.4) -> 11.1 (18.9) MB, pooled: 0 MB, 0.71 / 0.00 ms  (average mu = 1.000, current mu = 1.000) task; 

FATAL ERROR: NewSpace::EnsureCurrentCapacity Allocation failed - JavaScript heap out of memory
----- Native stack trace -----

 1: 00007FF64757AD5F 
 2: 00007FF6481C32D7 
 3: 00007FF647FC3997 
 4: 00007FF647F84433 
 5: 00007FF647FC5D9A 
 6: 00007FF647FC53C6 
 7: 00007FF647FD6352 
 8: 00007FF647FD5E7B 
 9: 00007FF64943E7ED 
10: 00007FF647FC1460 
11: 00007FF647FE7BC6 
12: 00007FF6480003F1 
13: 00007FF647ED3372 
14: 00007FF647ED56E6 
15: 00007FF647EB11C9 
16: 00007FF647EAA1AF 
17: 00007FF647EAA022 
18: 00007FF648146ECC 
19: 00007FF64813E961 
20: 00007FF648141084 
21: 00007FF648141D26 
22: 00007FF64814235A 
23: 00007FF64814248B 
24: 00007FF648185D37 
25: 00007FF648184EC4 
26: 000002ACC19B727A 

<--- Last few GCs --->

[57888:000001F1823BA000]       92 ms: Scavenge 8.8 (11.7) -> 7.9 (12.2) MB, pooled: 0 MB, 0.83 / 0.00 ms  (average mu = 1.000, current mu = 1.000) allocation failure; 
[57888:000001F1823BA000]      133 ms: Scavenge 10.0 (13.4) -> 9.2 (17.9) MB, pooled: 0 MB, 0.92 / 0.00 ms  (average mu = 1.000, current mu = 1.000) allocation failure; 
[57888:000001F1823BA000]      275 ms: Scavenge 13.0 (18.6) -> 11.1 (19.2) MB, pooled: 0 MB, 0.67 / 0.00 ms  (average mu = 1.000, current mu = 1.000) task; 

FATAL ERROR: Zone Allocation failed - process out of memory
----- Native stack trace -----

 1: 00007FF64757AD5F 
 2: 00007FF6481C32D7 
 3: 00007FF647B3E076 
 4: 00007FF647968132 
 5: 00007FF6479680F2 
 6: 00007FF647968104 
 7: 00007FF6479680F2 
 8: 00007FF647968104 
 9: 00007FF647967FF3 
10: 00007FF647967F3D 
11: 00007FF647962454 
12: 00007FF64796A50E 
13: 00007FF64796A283 
14: 00007FF6479CD7B4 
15: 00007FF6479CD3E7 
16: 00007FF6479CC167 
17: 00007FF6479C9643 
18: 00007FF64799F1EB 
19: 00007FF647A17356 
20: 00007FF647A16070 
21: 00007FF647A13E6A 
22: 00007FF648136F0F 
23: 00007FF647A1594B 
24: 00007FF64899593F 
25: 00007FF6474CADCE 
26: 00007FF648218646 
27: 00007FF649459FB3 
28: 00007FFDC4097374 
29: 00007FFDC54DCC91 

<--- Last few GCs --->

[8372:000002753ACB6000]       95 ms: Scavenge 8.7 (11.7) -> 7.8 (11.7) MB, pooled: 0 MB, 0.69 / 0.00 ms  (average mu = 1.000, current mu = 1.000) allocation failure; 
[8372:000002753ACB6000]      138 ms: Scavenge 9.9 (13.4) -> 9.2 (17.9) MB, pooled: 0 MB, 1.16 / 0.00 ms  (average mu = 1.000, current mu = 1.000) allocation failure; 
[8372:000002753ACB6000]      286 ms: Scavenge 13.1 (18.4) -> 11.1 (19.4) MB, pooled: 0 MB, 0.76 / 0.00 ms  (average mu = 1.000, current mu = 1.000) task; 

FATAL ERROR: Zone Allocation failed - process out of memory
----- Native stack trace -----

 1: 00007FF64757AD5F 
 2: 00007FF6481C32D7 
 3: 00007FF647B3E076 
 4: 00007FF6479D876F 
 5: 00007FF6479EC01C 
 6: 00007FF64798CC03 
 7: 00007FF64798CB7D 
 8: 00007FF64798E445 
 9: 00007FF64798FCC9 
10: 00007FF647993F7B 
11: 00007FF647994383 
12: 00007FF6479C9C88 
13: 00007FF64799F1EB 
14: 00007FF647A17356 
15: 00007FF647A16070 
16: 00007FF647A13E6A 
17: 00007FF648136F0F 
18: 00007FF647A1594B 
19: 00007FF64899593F 
20: 00007FF6474CADCE 
21: 00007FF648218646 
22: 00007FF649459FB3 
23: 00007FFDC4097374 
24: 00007FFDC54DCC91 

<--- Last few GCs --->

[27688:000001F07A0C2000]       98 ms: Scavenge 8.7 (11.9) -> 7.8 (11.9) MB, pooled: 0 MB, 0.58 / 0.00 ms  (average mu = 1.000, current mu = 1.000) allocation failure; 
[27688:000001F07A0C2000]      131 ms: Scavenge 9.9 (13.4) -> 9.2 (17.9) MB, pooled: 0 MB, 1.01 / 0.00 ms  (average mu = 1.000, current mu = 1.000) allocation failure; 
[27688:000001F07A0C2000]      263 ms: Scavenge 13.1 (18.6) -> 11.1 (19.2) MB, pooled: 0 MB, 7.53 / 0.00 ms  (average mu = 1.000, current mu = 1.000) task; 

FATAL ERROR: Zone Allocation failed - process out of memory
----- Native stack trace -----


<--- Last few GCs --->

[27688:000001F07A0C2000]       98 ms: Scavenge 8.7 (11.9) -> 7.8 (11.9) MB, pooled: 0 MB, 0.58 / 0.00 ms  (average mu = 1.000, current mu = 1.000) allocation failure; 
[27688:000001F07A0C2000]      131 ms: Scavenge 9.9 (13.4) -> 9.2 (17.9) MB, pooled: 0 MB, 1.01 / 0.00 ms  (average mu = 1.000, current mu = 1.000) allocation failure; 
[27688:000001F07A0C2000]      263 ms: Scavenge 13.1 (18.6) -> 11.1 (19.2) MB, pooled: 0 MB, 7.53 / 0.00 ms  (average mu = 1.000, current mu = 1.000) task; 

FATAL ERROR: Zone Allocation failed - process out of memory
----- Native stack trace -----

 1: 00007FF64757AD5F 
 2: 00007FF6481C32D7 
 3: 00007FF647B3E076 
 4: 00007FF6479EE853 
 5: 00007FF6479904F0 
 6: 00007FF6479907FF 
 7: 00007FF6479C952A 
 8: 00007FF6479C8673 
 9: 00007FF6479C845B 
10: 00007FF64799F278 
11: 00007FF647A17356 
12: 00007FF647A16070 
13: 00007FF647A13E6A 
14: 00007FF648136F0F 
15: 00007FF647A1594B 
16: 00007FF64899593F 
17: 00007FF6474CADCE 
18: 00007FF648218646 
19: 00007FF649459FB3 
20: 00007FFDC4097374 
21: 00007FFDC54DCC91 
 1: 00007FF64757AD5F 
 2: 00007FF6481C32D7 

<--- Last few GCs --->

[58872:000001E22B99A000]       92 ms: Scavenge 8.7 (11.7) -> 7.8 (11.7) MB, pooled: 0 MB, 0.65 / 0.00 ms  (average mu = 1.000, current mu = 1.000) allocation failure; 
[58872:000001E22B99A000]      136 ms: Scavenge 9.9 (13.4) -> 9.2 (17.9) MB, pooled: 0 MB, 1.11 / 0.00 ms  (average mu = 1.000, current mu = 1.000) allocation failure; 
[58872:000001E22B99A000]      272 ms: Scavenge 13.1 (18.4) -> 11.1 (19.4) MB, pooled: 0 MB, 0.75 / 0.00 ms  (average mu = 1.000, current mu = 1.000) task; 

FATAL ERROR: Zone Allocation failed - process out of memory
----- Native stack trace -----


<--- Last few GCs --->

[58872:000001E22B99A000]       92 ms: Scavenge 8.7 (11.7) -> 7.8 (11.7) MB, pooled: 0 MB, 0.65 / 0.00 ms  (average mu = 1.000, current mu = 1.000) allocation failure; 
[58872:000001E22B99A000]      136 ms: Scavenge 9.9 (13.4) -> 9.2 (17.9) MB, pooled: 0 MB, 1.11 / 0.00 ms  (average mu = 1.000, current mu = 1.000) allocation failure; 
[58872:000001E22B99A000]      272 ms: Scavenge 13.1 (18.4) -> 11.1 (19.4) MB, pooled: 0 MB, 0.75 / 0.00 ms  (average mu = 1.000, current mu = 1.000) task; 

FATAL ERROR: Zone Allocation failed - process out of memory
----- Native stack trace -----

 1: 00007FF64757AD5F 
 2: 00007FF6481C32D7 
 3: 00007FF647B3E076 
 4: 00007FF647967CEB 
 5: 00007FF6479678A2 
 6: 00007FF6479678DB 
 7: 00007FF6479677C3 
 8: 00007FF647967F16 
 9: 00007FF647962454 
10: 00007FF64796A50E 
11: 00007FF64796A283 
12: 00007FF6479CCBD7 
13: 00007FF6479CD4F3 
14: 00007FF6479CC167 
15: 00007FF6479C9643 
16: 00007FF6479C8673 
17: 00007FF6479C845B 
18: 00007FF64799F278 
19: 00007FF647A17356 
20: 00007FF647A16070 
21: 00007FF647A13E6A 
22: 00007FF648136F0F 
23: 00007FF647A1594B 
24: 00007FF64899593F 
25: 00007FF6474CADCE 
26: 00007FF648218646 
27: 00007FF649459FB3 
28: 00007FFDC4097374 
29: 00007FFDC54DCC91 

<--- Last few GCs --->

[58872:000001E22B99A000]       92 ms: Scavenge 8.7 (11.7) -> 7.8 (11.7) MB, pooled: 0 MB, 0.65 / 0.00 ms  (average mu = 1.000, current mu = 1.000) allocation failure; 
[58872:000001E22B99A000]      136 ms: Scavenge 9.9 (13.4) -> 9.2 (17.9) MB, pooled: 0 MB, 1.11 / 0.00 ms  (average mu = 1.000, current mu = 1.000) allocation failure; 
[58872:000001E22B99A000]      272 ms: Scavenge 13.1 (18.4) -> 11.1 (19.4) MB, pooled: 0 MB, 0.75 / 0.00 ms  (average mu = 1.000, current mu = 1.000) task; 

FATAL ERROR: Zone Allocation failed - process out of memory
----- Native stack trace -----


<--- Last few GCs --->

[17312:000002586DFD8000]       96 ms: Scavenge 8.7 (11.7) -> 7.8 (11.7) MB, pooled: 0 MB, 0.69 / 0.00 ms  (average mu = 1.000, current mu = 1.000) allocation failure; 
[17312:000002586DFD8000]      139 ms: Scavenge 9.9 (13.4) -> 9.2 (17.9) MB, pooled: 0 MB, 1.11 / 0.00 ms  (average mu = 1.000, current mu = 1.000) allocation failure; 
[17312:000002586DFD8000]      284 ms: Scavenge 13.0 (18.4) -> 11.1 (19.2) MB, pooled: 0 MB, 0.90 / 0.00 ms  (average mu = 1.000, current mu = 1.000) task; 

FATAL ERROR: MarkCompactCollector: young object promotion failed Allocation failed - JavaScript heap out of memory
----- Native stack trace -----

 1: 00007FF64757AD5F 
 2: 00007FF6481C32D7 
 3: 00007FF647FC3997 
 4: 00007FF647FA32AE 
 5: 00007FF647F9896D 
 6: 00007FF647F9861C 
 7: 00007FF647F98261 
 8: 00007FF647FAA758 
 9: 00007FF64899593F 
10: 00007FF6474CADCE 
11: 00007FF648218646 
12: 00007FF649459FB3 
13: 00007FFDC4097374 
14: 00007FFDC54DCC91 RtlUserThreadStart+33

<--- Last few GCs --->

[59856:0000018288DA4000]       97 ms: Scavenge 8.7 (11.7) -> 7.8 (11.7) MB, pooled: 0 MB, 0.74 / 0.00 ms  (average mu = 1.000, current mu = 1.000) allocation failure; 
[59856:0000018288DA4000]      140 ms: Scavenge 9.9 (13.2) -> 9.2 (18.2) MB, pooled: 0 MB, 1.10 / 0.00 ms  (average mu = 1.000, current mu = 1.000) allocation failure; 
[59856:0000018288DA4000]      282 ms: Scavenge 13.1 (18.4) -> 11.2 (19.4) MB, pooled: 0 MB, 0.97 / 0.00 ms  (average mu = 1.000, current mu = 1.000) task; 

FATAL ERROR: Zone Allocation failed - process out of memory
----- Native stack trace -----

 1: 00007FF64757AD5F 
 2: 00007FF6481C32D7 
 3: 00007FF647B3E076 
 4: 00007FF647966627 
 5: 00007FF6479634CE 
 6: 00007FF6479632CA 
 7: 00007FF6479CA930 
 8: 00007FF64799F1EB 
 9: 00007FF64799EDC2 
10: 00007FF6479A0D75 
11: 00007FF6479A021E 
12: 00007FF6479B3781 
13: 00007FF6479885E5 
14: 00007FF6479A3D12 
15: 00007FF6479B53D6 
16: 00007FF6479B61D7 
17: 00007FF6479CA5AA 
18: 00007FF6479C8673 
19: 00007FF6479C845B 
20: 00007FF64799F278 
21: 00007FF647A17356 
22: 00007FF647A16070 
23: 00007FF647A13E6A 
24: 00007FF648136F0F 
25: 00007FF647A1594B 
26: 00007FF64899593F 
27: 00007FF6474CADCE 
28: 00007FF648218646 
29: 00007FF649459FB3 
30: 00007FFDC4097374 
31: 00007FFDC54DCC91 

<--- Last few GCs --->

[57004:000002CE5DABC000]      101 ms: Scavenge 8.7 (11.7) -> 7.8 (11.7) MB, pooled: 0 MB, 0.71 / 0.00 ms  (average mu = 1.000, current mu = 1.000) allocation failure; 
[57004:000002CE5DABC000]      148 ms: Scavenge 9.9 (13.4) -> 9.2 (17.9) MB, pooled: 0 MB, 1.44 / 0.00 ms  (average mu = 1.000, current mu = 1.000) allocation failure; 
[57004:000002CE5DABC000]      284 ms: Scavenge 13.1 (18.6) -> 11.1 (19.2) MB, pooled: 0 MB, 1.67 / 0.00 ms  (average mu = 1.000, current mu = 1.000) task; 

FATAL ERROR: Zone Allocation failed - process out of memory
----- Native stack trace -----


<--- Last few GCs --->

[57004:000002CE5DABC000]      101 ms: Scavenge 8.7 (11.7) -> 7.8 (11.7) MB, pooled: 0 MB, 0.71 / 0.00 ms  (average mu = 1.000, current mu = 1.000) allocation failure; 
[57004:000002CE5DABC000]      148 ms: Scavenge 9.9 (13.4) -> 9.2 (17.9) MB, pooled: 0 MB, 1.44 / 0.00 ms  (average mu = 1.000, current mu = 1.000) allocation failure; 
[57004:000002CE5DABC000]      284 ms: Scavenge 13.1 (18.6) -> 11.1 (19.2) MB, pooled: 0 MB, 1.67 / 0.00 ms  (average mu = 1.000, current mu = 1.000) task; 

FATAL ERROR: Zone Allocation failed - process out of memory
----- Native stack trace -----

 1: 00007FF64757AD5F 
 2: 00007FF6481C32D7 
 3: 00007FF647B3E076 
 4: 00007FF647968132 
 1: 00007FF64757AD5F 
 5: 00007FF647968104 
 2: 00007FF6481C32D7 
 6: 00007FF6479680F2 
 3: 00007FF647B3E076 
 7: 00007FF6479680F2 
 4: 00007FF647967CEB 
 8: 00007FF6479680F2 
 5: 00007FF6479678A2 
 9: 00007FF647967FF3 
 6: 00007FF6479677C3 
10: 00007FF647967F3D 
 7: 00007FF647967F09 
11: 00007FF647962454 
 8: 00007FF647962454 
12: 00007FF64796A50E 
 9: 00007FF64796A50E 
13: 00007FF64796A160 
10: 00007FF64796A283 
14: 00007FF6479CEA24 
11: 00007FF6479CD7B4 
15: 00007FF6479CE612 
12: 00007FF6479CD3E7 
16: 00007FF6479CC401 
13: 00007FF6479CC167 
17: 00007FF6479CA413 
14: 00007FF6479C9643 
18: 00007FF6479C8673 
15: 00007FF64799F1EB 
19: 00007FF6479C845B 
16: 00007FF647A17356 
20: 00007FF64799F278 
17: 00007FF647A16070 
21: 00007FF647A17356 
18: 00007FF647A13E6A 
22: 00007FF647A16070 
19: 00007FF648136F0F 
23: 00007FF647A13E6A 
20: 00007FF647A1594B 
24: 00007FF648136F0F 
21: 00007FF64899593F 
25: 00007FF647A1594B 
22: 00007FF6474CADCE 
26: 00007FF64899593F 
23: 00007FF648218646 
27: 00007FF6474CADCE 
24: 00007FF649459FB3 
28: 00007FF648218646 
25: 00007FFDC4097374 
29: 00007FF649459FB3 
26: 00007FFDC54DCC91 
30: 00007FFDC4097374 
31: 00007FFDC54DCC91 

<--- Last few GCs --->

[60692:0000021B9B51D000]      104 ms: Scavenge 8.7 (11.9) -> 7.8 (11.9) MB, pooled: 0 MB, 0.74 / 0.00 ms  (average mu = 1.000, current mu = 1.000) allocation failure; 
[60692:0000021B9B51D000]      152 ms: Scavenge 9.9 (13.7) -> 9.2 (18.2) MB, pooled: 0 MB, 1.08 / 0.00 ms  (average mu = 1.000, current mu = 1.000) allocation failure; 
[60692:0000021B9B51D000]      279 ms: Scavenge 13.0 (18.9) -> 11.1 (19.4) MB, pooled: 0 MB, 0.80 / 0.00 ms  (average mu = 1.000, current mu = 1.000) task; 

FATAL ERROR: Zone Allocation failed - process out of memory
----- Native stack trace -----


<--- Last few GCs --->

[60692:0000021B9B51D000]      104 ms: Scavenge 8.7 (11.9) -> 7.8 (11.9) MB, pooled: 0 MB, 0.74 / 0.00 ms  (average mu = 1.000, current mu = 1.000) allocation failure; 
[60692:0000021B9B51D000]      152 ms: Scavenge 9.9 (13.7) -> 9.2 (18.2) MB, pooled: 0 MB, 1.08 / 0.00 ms  (average mu = 1.000, current mu = 1.000) allocation failure; 
[60692:0000021B9B51D000]      279 ms: Scavenge 13.0 (18.9) -> 11.1 (19.4) MB, pooled: 0 MB, 0.80 / 0.00 ms  (average mu = 1.000, current mu = 1.000) task; 

FATAL ERROR: Zone Allocation failed - process out of memory
----- Native stack trace -----

 1: 00007FF64757AD5F 
 2: 00007FF6481C32D7 
 3: 00007FF647B3E076 
 4: 00007FF648B43EA0 
 5: 00007FF64896D179 
 6: 00007FF647A36226 
 7: 00007FF647A13B1F 
 8: 00007FF64813F583 
 9: 00007FF648144C25 
10: 00007FF647BC3D04 
11: 0000021BD3CB733A 

<--- Last few GCs --->

[57484:000002AC61DFE000]      100 ms: Scavenge 8.8 (11.7) -> 8.0 (12.2) MB, pooled: 0 MB, 0.76 / 0.00 ms  (average mu = 1.000, current mu = 1.000) allocation failure; 
[57484:000002AC61DFE000]      145 ms: Scavenge 10.0 (12.9) -> 9.2 (17.9) MB, pooled: 0 MB, 1.01 / 0.00 ms  (average mu = 1.000, current mu = 1.000) allocation failure; 
[57484:000002AC61DFE000]      279 ms: Scavenge 13.0 (18.1) -> 11.0 (18.9) MB, pooled: 0 MB, 0.75 / 0.00 ms  (average mu = 1.000, current mu = 1.000) task; 

FATAL ERROR: NewSpace::EnsureCurrentCapacity Allocation failed - JavaScript heap out of memory
----- Native stack trace -----

 1: 00007FF64757AD5F 
 2: 00007FF6481C32D7 
 3: 00007FF647FC3997 
 4: 00007FF647F84433 
 5: 00007FF647FC5D9A 
 6: 00007FF647FC53C6 
 7: 00007FF647FD6352 
 8: 00007FF647FD5E7B 
 9: 00007FF64943E7ED 
10: 00007FF647FC1460 
11: 00007FF647FE7BC6 
12: 00007FF6480023A6 
13: 00007FF648002238 
14: 00007FF647CB8ED0 
15: 00007FF647FFE677 
16: 00007FF6481B98D1 
17: 00007FF6481BA57B 
18: 00007FF647C6B00E 
19: 00007FF647C6A74A 
20: 00007FF647C65D79 
21: 00007FF648140C7F 
22: 00007FF648141D26 
23: 00007FF64814235A 
24: 00007FF64814248B 
25: 00007FF648185D37 
26: 00007FF648184EC4 
27: 000002AC1FE7727A 

<--- Last few GCs --->

[58424:000002AA29BB8000]      118 ms: Scavenge 8.7 (11.7) -> 7.8 (11.7) MB, pooled: 0 MB, 0.67 / 0.00 ms  (average mu = 1.000, current mu = 1.000) allocation failure; 
[58424:000002AA29BB8000]      161 ms: Scavenge 9.9 (12.9) -> 9.2 (17.7) MB, pooled: 0 MB, 1.18 / 0.00 ms  (average mu = 1.000, current mu = 1.000) allocation failure; 
[58424:000002AA29BB8000]      299 ms: Scavenge 13.1 (18.4) -> 11.1 (18.9) MB, pooled: 0 MB, 0.66 / 0.00 ms  (average mu = 1.000, current mu = 1.000) task; 

FATAL ERROR: Zone Allocation failed - process out of memory
----- Native stack trace -----

 1: 00007FF64757AD5F 
 2: 00007FF6481C32D7 
 3: 00007FF647B3E076 
 4: 00007FF648B43EA0 
 5: 00007FF64896D179 
 6: 00007FF647A36226 
 7: 00007FF647A13B1F 
 8: 00007FF64813F583 
 9: 00007FF648144C25 
10: 00007FF647BC3D04 
11: 000002AA61AF733A 

<--- Last few GCs --->

[58424:000002AA29BB8000]      118 ms: Scavenge 8.7 (11.7) -> 7.8 (11.7) MB, pooled: 0 MB, 0.67 / 0.00 ms  (average mu = 1.000, current mu = 1.000) allocation failure; 
[58424:000002AA29BB8000]      161 ms: Scavenge 9.9 (12.9) -> 9.2 (17.7) MB, pooled: 0 MB, 1.18 / 0.00 ms  (average mu = 1.000, current mu = 1.000) allocation failure; 
[58424:000002AA29BB8000]      299 ms: Scavenge 13.1 (18.4) -> 11.1 (18.9) MB, pooled: 0 MB, 0.66 / 0.00 ms  (average mu = 1.000, current mu = 1.000) task; 


<--- Last few GCs --->

[9884:000001FD9C68F000]       89 ms: Scavenge 8.7 (11.9) -> 7.9 (11.9) MB, pooled: 0 MB, 0.67 / 0.00 ms  (average mu = 1.000, current mu = 1.000) allocation failure; 
[9884:000001FD9C68F000]      126 ms: Scavenge 9.9 (13.7) -> 9.2 (17.9) MB, pooled: 0 MB, 0.90 / 0.00 ms  (average mu = 1.000, current mu = 1.000) allocation failure; 
[9884:000001FD9C68F000]      268 ms: Scavenge 13.1 (18.6) -> 11.1 (19.7) MB, pooled: 0 MB, 0.74 / 0.00 ms  (average mu = 1.000, current mu = 1.000) task; 

FATAL ERROR: Zone Allocation failed - process out of memory
----- Native stack trace -----


<--- Last few GCs --->

[9884:000001FD9C68F000]       89 ms: Scavenge 8.7 (11.9) -> 7.9 (11.9) MB, pooled: 0 MB, 0.67 / 0.00 ms  (average mu = 1.000, current mu = 1.000) allocation failure; 
[9884:000001FD9C68F000]      126 ms: Scavenge 9.9 (13.7) -> 9.2 (17.9) MB, pooled: 0 MB, 0.90 / 0.00 ms  (average mu = 1.000, current mu = 1.000) allocation failure; 
[9884:000001FD9C68F000]      268 ms: Scavenge 13.1 (18.6) -> 11.1 (19.7) MB, pooled: 0 MB, 0.74 / 0.00 ms  (average mu = 1.000, current mu = 1.000) task; 

FATAL ERROR: Zone Allocation failed - process out of memory
----- Native stack trace -----

 1: 00007FF64757AD5F 
 2: 00007FF6481C32D7 
 3: 00007FF647B3E076 
 4: 00007FF647967CEB 
 5: 00007FF6479678A2 
 6: 00007FF6479677C3 
 7: 00007FF647967F09 
 8: 00007FF647962454 
 9: 00007FF64796A50E 
10: 00007FF64796A283 
11: 00007FF6479CD7B4 
12: 00007FF6479CD3E7 
13: 00007FF6479CC167 
14: 00007FF6479C9643 
15: 00007FF64799F1EB 
16: 00007FF647A17356 
17: 00007FF647A16070 
18: 00007FF647A13E6A 
19: 00007FF648136F0F 
20: 00007FF647A1594B 
21: 00007FF64899593F 
22: 00007FF6474CADCE 
23: 00007FF648218646 
24: 00007FF649459FB3 
25: 00007FFDC4097374 
26: 00007FFDC54DCC91 

<--- Last few GCs --->

[13840:000001BE7346D000]       98 ms: Scavenge 8.7 (11.7) -> 7.8 (11.7) MB, pooled: 0 MB, 0.71 / 0.00 ms  (average mu = 1.000, current mu = 1.000) allocation failure; 
[13840:000001BE7346D000]      145 ms: Scavenge 9.9 (13.4) -> 9.2 (17.9) MB, pooled: 0 MB, 1.04 / 0.00 ms  (average mu = 1.000, current mu = 1.000) allocation failure; 
[13840:000001BE7346D000]      325 ms: Scavenge 13.1 (18.6) -> 11.1 (19.4) MB, pooled: 0 MB, 1.57 / 0.00 ms  (average mu = 1.000, current mu = 1.000) task; 

FATAL ERROR: Zone Allocation failed - process out of memory
----- Native stack trace -----

 1: 00007FF64757AD5F 
 2: 00007FF6481C32D7 
 3: 00007FF647B3E076 
 4: 00007FF647968132 
 5: 00007FF647968104 
 6: 00007FF647968104 
 7: 00007FF6479680F2 
 8: 00007FF6479680F2 
 9: 00007FF647968104 
10: 00007FF647967FF3 
11: 00007FF647967F3D 
12: 00007FF647962454 
13: 00007FF64796A50E 
14: 00007FF64796A283 
15: 00007FF6479CD7B4 
16: 00007FF6479CD3E7 
17: 00007FF6479CC167 
18: 00007FF6479C9643 
19: 00007FF64799F1EB 
20: 00007FF647A17356 
21: 00007FF647A16070 
22: 00007FF647A13E6A 
23: 00007FF648136F0F 
24: 00007FF647A1594B 
25: 00007FF64899593F 
26: 00007FF6474CADCE 
27: 00007FF648218646 
28: 00007FF649459FB3 
29: 00007FFDC4097374 
30: 00007FFDC54DCC91 

<--- Last few GCs --->

[60476:0000022470AA5000]       24 ms: Scavenge 3.9 (6.1) -> 3.6 (6.3) MB, pooled: 0 MB, 0.76 / 0.00 ms  (average mu = 1.000, current mu = 1.000) allocation failure; 
[60476:0000022470AA5000]       33 ms: Scavenge 5.2 (7.1) -> 4.9 (7.3) MB, pooled: 0 MB, 0.80 / 0.00 ms  (average mu = 1.000, current mu = 1.000) allocation failure; 

FATAL ERROR: NewSpace::EnsureCurrentCapacity Allocation failed - JavaScript heap out of memory
----- Native stack trace -----

 1: 00007FF64757AD5F 
 2: 00007FF6481C32D7 
 3: 00007FF647FC3997 
 4: 00007FF647F84433 
 5: 00007FF647FC5D9A 
 6: 00007FF647FC53C6 
 7: 00007FF647FD6352 
 8: 00007FF647FD5E7B 
 9: 00007FF64943E7ED 
10: 00007FF647FC1460 
11: 00007FF647B799AE 
12: 00007FF647B7770C 
13: 00007FF647B7D3B6 
14: 00007FF647B783F8 
15: 00007FF647B778EE 
16: 00007FF647B7D3B6 
17: 00007FF647B783F8 
18: 00007FF647B778EE 
19: 00007FF647B7D3B6 
20: 00007FF647B783F8 
21: 00007FF647B778EE 
22: 00007FF647B7D3B6 
23: 00007FF647B783F8 
24: 00007FF647B778EE 
25: 00007FF647B7D3B6 
26: 00007FF647B783F8 
27: 00007FF647B778EE 
28: 00007FF647B7D3B6 
29: 00007FF647B783F8 
30: 00007FF647B778EE 
31: 00007FF647B7D3B6 
32: 00007FF647B783F8 
33: 00007FF647B778EE 
34: 00007FF647B7D3B6 
35: 00007FF647B783F8 
36: 00007FF647B778EE 
37: 00007FF647B7D3B6 
38: 00007FF647B783F8 
39: 00007FF647B778EE 
40: 00007FF647B7D3B6 
41: 00007FF647B783F8 
42: 00007FF647B778EE 
43: 00007FF647B7D3B6 
44: 00007FF647B783F8 
45: 00007FF647B778EE 
46: 00007FF647B7D3B6 
47: 00007FF647B783F8 
48: 00007FF647B778EE 
49: 00007FF647B7C094 
50: 00007FF647B77DE7 
51: 00007FF647B77C9A 
52: 00007FF647B74FF7 
53: 00007FF647B74F74 
54: 00007FF647B85BC5 
55: 00007FF64814377E 
56: 00007FF6481CC793 
57: 00007FF6475AA340 
58: 00007FF6475AAEF2 
59: 00007FF6475ACF76 
60: 000002243FDCF64D 

<--- Last few GCs --->

[15268:00000250094C8000]      100 ms: Scavenge 8.7 (11.9) -> 7.8 (11.9) MB, pooled: 0 MB, 0.65 / 0.00 ms  (average mu = 1.000, current mu = 1.000) allocation failure; 
[15268:00000250094C8000]      147 ms: Scavenge 9.9 (13.4) -> 9.3 (17.9) MB, pooled: 0 MB, 1.14 / 0.00 ms  (average mu = 1.000, current mu = 1.000) allocation failure; 
[15268:00000250094C8000]      283 ms: Scavenge 13.1 (18.4) -> 11.1 (19.4) MB, pooled: 0 MB, 0.97 / 0.00 ms  (average mu = 1.000, current mu = 1.000) task; 

FATAL ERROR: Zone Allocation failed - process out of memory
----- Native stack trace -----


<--- Last few GCs --->

[15268:00000250094C8000]      100 ms: Scavenge 8.7 (11.9) -> 7.8 (11.9) MB, pooled: 0 MB, 0.65 / 0.00 ms  (average mu = 1.000, current mu = 1.000) allocation failure; 
[15268:00000250094C8000]      147 ms: Scavenge 9.9 (13.4) -> 9.3 (17.9) MB, pooled: 0 MB, 1.14 / 0.00 ms  (average mu = 1.000, current mu = 1.000) allocation failure; 
[15268:00000250094C8000]      283 ms: Scavenge 13.1 (18.4) -> 11.1 (19.4) MB, pooled: 0 MB, 0.97 / 0.00 ms  (average mu = 1.000, current mu = 1.000) task; 

FATAL ERROR: Zone Allocation failed - process out of memory
----- Native stack trace -----

 1: 00007FF64757AD5F 
 2: 00007FF6481C32D7 
 3: 00007FF647B3E076 
 4: 00007FF6476FF2A3 
 5: 00007FF647929419 
 6: 00007FF64792A18A 
 7: 00007FF6479294D7 
 8: 00007FF647A16C91 
 9: 00007FF647A13E6A 
10: 00007FF648136F0F 
11: 00007FF647A1594B 
12: 00007FF64899593F 
13: 00007FF6474CADCE 
14: 00007FF648218646 
15: 00007FF649459FB3 
16: 00007FFDC4097374 
17: 00007FFDC54DCC91 

<--- Last few GCs --->

[59320:000002079F9B7000]      142 ms: Scavenge 10.0 (13.4) -> 9.2 (17.9) MB, pooled: 0 MB, 1.07 / 0.00 ms  (average mu = 1.000, current mu = 1.000) allocation failure; 
[59320:000002079F9B7000]      274 ms: Scavenge 13.0 (18.4) -> 11.1 (19.2) MB, pooled: 0 MB, 0.65 / 0.00 ms  (average mu = 1.000, current mu = 1.000) task; 
[59320:000002079F9B7000]      314 ms: Scavenge 14.7 (19.9) -> 13.2 (20.9) MB, pooled: 0 MB, 1.59 / 0.00 ms  (average mu = 1.000, current mu = 1.000) allocation failure; 

FATAL ERROR: Zone Allocation failed - process out of memory
----- Native stack trace -----


<--- Last few GCs --->

[59320:000002079F9B7000]      142 ms: Scavenge 10.0 (13.4) -> 9.2 (17.9) MB, pooled: 0 MB, 1.07 / 0.00 ms  (average mu = 1.000, current mu = 1.000) allocation failure; 
[59320:000002079F9B7000]      274 ms: Scavenge 13.0 (18.4) -> 11.1 (19.2) MB, pooled: 0 MB, 0.65 / 0.00 ms  (average mu = 1.000, current mu = 1.000) task; 
[59320:000002079F9B7000]      314 ms: Scavenge 14.7 (19.9) -> 13.2 (20.9) MB, pooled: 0 MB, 1.59 / 0.00 ms  (average mu = 1.000, current mu = 1.000) allocation failure; 

FATAL ERROR: Zone Allocation failed - process out of memory
----- Native stack trace -----

 1: 00007FF64757AD5F 
 2: 00007FF6481C32D7 
 3: 00007FF647B3E076 
 4: 00007FF6479D64F5 
 5: 00007FF64797F999 
 6: 00007FF647990636 
 7: 00007FF6479907FF 
 8: 00007FF6479C952A 
 9: 00007FF64799F1EB 
10: 00007FF647A17356 
11: 00007FF647A16070 
12: 00007FF647A13E6A 
13: 00007FF648136F0F 
14: 00007FF647A1594B 
15: 00007FF64899593F 
16: 00007FF6474CADCE 
17: 00007FF648218646 
18: 00007FF649459FB3 
19: 00007FFDC4097374 
20: 00007FFDC54DCC91 
memory allocation of memory allocation of 4368 bytes failed
note: run with `RUST_BACKTRACE=1` environment variable to display a backtrace

<--- Last few GCs --->

[58424:000002A95AAD5000]      130 ms: Scavenge 9.9 (13.2) -> 9.2 (18.2) MB, pooled: 0 MB, 0.94 / 0.00 ms  (average mu = 1.000, current mu = 1.000) allocation failure; 
[58424:000002A95AAD5000]      265 ms: Scavenge 13.1 (18.4) -> 11.0 (18.9) MB, pooled: 0 MB, 0.83 / 0.00 ms  (average mu = 1.000, current mu = 1.000) task; 
[58424:000002A95AAD5000]      305 ms: Scavenge 14.7 (19.7) -> 13.1 (20.9) MB, pooled: 0 MB, 1.72 / 0.00 ms  (average mu = 1.000, current mu = 1.000) allocation failure; 

FATAL ERROR: Zone Allocation failed - process out of memory
----- Native stack trace -----


<--- Last few GCs --->

[58424:000002A95AAD5000]      130 ms: Scavenge 9.9 (13.2) -> 9.2 (18.2) MB, pooled: 0 MB, 0.94 / 0.00 ms  (average mu = 1.000, current mu = 1.000) allocation failure; 
[58424:000002A95AAD5000]      265 ms: Scavenge 13.1 (18.4) -> 11.0 (18.9) MB, pooled: 0 MB, 0.83 / 0.00 ms  (average mu = 1.000, current mu = 1.000) task; 
[58424:000002A95AAD5000]      305 ms: Scavenge 14.7 (19.7) -> 13.1 (20.9) MB, pooled: 0 MB, 1.72 / 0.00 ms  (average mu = 1.000, current mu = 1.000) allocation failure; 

FATAL ERROR: Zone Allocation failed - process out of memory
----- Native stack trace -----

 1: 00007FF64757AD5F 
 2: 00007FF6481C32D7 
 3: 00007FF647B3E076 
 4: 00007FF6481A9FDA 
 5: 00007FF6481AB6F6 
 6: 00007FF647C73576 
 7: 00007FF647C83B5D 
 8: 00007FF647C832BA 
 9: 00007FF647C8026B 
10: 00007FF647C7F43E 
11: 00007FF647C85CA2 
12: 00007FF647C826C3 
13: 00007FF647C802B8 
14: 00007FF647C7F43E 
15: 00007FF647C84E04 
16: 00007FF647C8B9A5 
17: 00007FF647C799EB 
18: 00007FF647C6F42A 
19: 00007FF647C80160 
20: 00007FF647C7F484 
21: 00007FF647C85CA2 
22: 00007FF647C826C3 
23: 00007FF647C802B8 
24: 00007FF647C7F43E 
25: 00007FF647C84E04 
26: 00007FF647C9021F 
27: 00007FF647C799EB 
28: 00007FF647C78EEA 
29: 00007FF647C6C5E7 
30: 00007FF647C6DDCE 
31: 00007FF647C6D35A 
32: 00007FF647C65FFE 
 1: 00007FF64757AD5F 
33: 00007FF64813E0C0 
 2: 00007FF6481C32D7 
34: 00007FF64813EBAC 
 3: 00007FF647B3E076 
35: 00007FF647BC225B 
 4: 00007FF6476FF0B6 
36: 000002A91FE7733A 
 5: 00007FF648EB6237 

<--- Last few GCs --->

[55952:0000016495AED000]      269 ms: Scavenge 13.1 (18.6) -> 11.1 (19.2) MB, pooled: 0 MB, 0.73 / 0.00 ms  (average mu = 1.000, current mu = 1.000) task; 
[55952:0000016495AED000]      310 ms: Scavenge 14.8 (19.9) -> 13.1 (20.9) MB, pooled: 0 MB, 0.97 / 0.00 ms  (average mu = 1.000, current mu = 1.000) allocation failure; 
[55952:0000016495AED000]      379 ms: Scavenge 16.2 (21.7) -> 14.2 (22.9) MB, pooled: 0 MB, 1.56 / 0.00 ms  (average mu = 1.000, current mu = 1.000) allocation failure; 

FATAL ERROR: Zone Allocation failed - process out of memory
----- Native stack trace -----

 1: 00007FF64757AD5F 
 2: 00007FF6481C32D7 
 3: 00007FF647B3E076 
 4: 00007FF6476FF2A3 
 5: 00007FF648CE5A46 
 6: 00007FF648CE5024 
 7: 00007FF648CE4C18 
 8: 00007FF648CE02EB 
 9: 00007FF648CDF8AA 
10: 00007FF648B9FC75 
11: 00007FF648B99112 
12: 00007FF648B97CE4 
13: 00007FF648B971DD 
14: 00007FF648136F0F 
15: 00007FF6480FBF9D 
16: 00007FF6480FBC95 
17: 00007FF64899593F 
18: 00007FF6474CADCE 
19: 00007FF648218646 
20: 00007FF649459FB3 
21: 00007FFDC4097374 
22: 00007FFDC54DCC91 

<--- Last few GCs --->

[8372:000001FAA133A000]      144 ms: Scavenge 10.0 (12.9) -> 9.2 (17.7) MB, pooled: 0 MB, 1.36 / 0.00 ms  (average mu = 1.000, current mu = 1.000) allocation failure; 
[8372:000001FAA133A000]      268 ms: Scavenge 13.0 (18.6) -> 11.1 (19.2) MB, pooled: 0 MB, 0.73 / 0.00 ms  (average mu = 1.000, current mu = 1.000) task; 
[8372:000001FAA133A000]      308 ms: Scavenge 14.7 (19.4) -> 13.1 (20.7) MB, pooled: 0 MB, 1.18 / 0.00 ms  (average mu = 1.000, current mu = 1.000) allocation failure; 

FATAL ERROR: Zone Allocation failed - process out of memory
----- Native stack trace -----

 1: 00007FF64757AD5F 
 2: 00007FF6481C32D7 
 3: 00007FF647B3E076 
 4: 00007FF648D934F7 
 5: 00007FF648D92D4F 
 6: 00007FF648D92BCF 
 7: 00007FF648B9F5C6 
 8: 00007FF648B97E36 
 9: 00007FF648B972B0 
10: 00007FF648136F0F 
11: 00007FF6480FBF9D 
12: 00007FF6480FBC95 
13: 00007FF64899593F 
14: 00007FF6474CADCE 
15: 00007FF648218646 
16: 00007FF649459FB3 
17: 00007FFDC4097374 
18: 00007FFDC54DCC91 

<--- Last few GCs --->

[1688:0000023C5AE89000]      143 ms: Scavenge 9.9 (13.4) -> 9.2 (17.9) MB, pooled: 0 MB, 1.13 / 0.00 ms  (average mu = 1.000, current mu = 1.000) allocation failure; 
[1688:0000023C5AE89000]      281 ms: Scavenge 13.1 (18.6) -> 11.1 (19.2) MB, pooled: 0 MB, 0.76 / 0.00 ms  (average mu = 1.000, current mu = 1.000) task; 
[1688:0000023C5AE89000]      321 ms: Scavenge 14.7 (19.9) -> 13.1 (20.9) MB, pooled: 0 MB, 1.55 / 0.00 ms  (average mu = 1.000, current mu = 1.000) allocation failure; 

FATAL ERROR: Zone Allocation failed - process out of memory
----- Native stack trace -----

 1: 00007FF64757AD5F 
 2: 00007FF6481C32D7 
 3: 00007FF647B3E076 
 4: 00007FF6476FF2A3 
 5: 00007FF647709267 
 6: 00007FF6491D7AE1 
 7: 00007FF648E8DE12 
 8: 00007FF648BA096D 
 9: 00007FF648B9725B 
10: 00007FF648136F0F 
11: 00007FF6480FBF9D 
12: 00007FF6480FBC95 
13: 00007FF64899593F 
14: 00007FF6474CADCE 
15: 00007FF648218646 
16: 00007FF649459FB3 
17: 00007FFDC4097374 
18: 00007FFDC54DCC91 

<--- Last few GCs --->

[56552:00000292CD17A000]      463 ms: Scavenge 13.1 (18.9) -> 11.2 (19.4) MB, pooled: 0 MB, 0.75 / 0.00 ms  (average mu = 1.000, current mu = 1.000) task; 
[56552:00000292CD17A000]      508 ms: Scavenge 14.8 (19.9) -> 13.0 (21.2) MB, pooled: 0 MB, 1.24 / 0.00 ms  (average mu = 1.000, current mu = 1.000) allocation failure; 
[56552:00000292CD17A000]      580 ms: Scavenge 16.2 (21.7) -> 14.2 (22.4) MB, pooled: 0 MB, 1.69 / 0.00 ms  (average mu = 1.000, current mu = 1.000) allocation failure; 

FATAL ERROR: Committing semi space failed. Allocation failed - JavaScript heap out of memory
----- Native stack trace -----

 1: 00007FF64757AD5F 
 2: 00007FF6481C32D7 
 3: 00007FF647FC3997 
 4: 00007FF647F5C3BB 
 5: 00007FF647F33E0E 
 6: 00007FF647FC6432 
 7: 00007FF647FC53E7 
 8: 00007FF647FD6352 
 9: 00007FF647FD5E7B 
10: 00007FF64943E7ED 
11: 00007FF647FC1460 
12: 00007FF647FDBCEA 
13: 00007FF647FE8186 
14: 00007FF647BBB1E7 
15: 000002929FE7733A 

<--- Last few GCs --->

[7296:00000231FA6B5000]      278 ms: Scavenge 13.1 (18.6) -> 11.1 (19.2) MB, pooled: 0 MB, 0.80 / 0.00 ms  (average mu = 1.000, current mu = 1.000) task; 
[7296:00000231FA6B5000]      317 ms: Scavenge 14.7 (19.9) -> 13.1 (21.2) MB, pooled: 0 MB, 1.05 / 0.00 ms  (average mu = 1.000, current mu = 1.000) allocation failure; 
[7296:00000231FA6B5000]      386 ms: Scavenge 16.2 (21.7) -> 14.2 (22.7) MB, pooled: 2 MB, 1.59 / 0.00 ms  (average mu = 1.000, current mu = 1.000) allocation failure; 

FATAL ERROR: Committing semi space failed. Allocation failed - JavaScript heap out of memory
----- Native stack trace -----

 1: 00007FF64757AD5F 
 2: 00007FF6481C32D7 
 3: 00007FF647FC3997 
 4: 00007FF647F5C3BB 
 5: 00007FF647F33E0E 
 6: 00007FF647FC6432 
 7: 00007FF647FC53E7 
 8: 00007FF647FD6352 
 9: 00007FF647FD5E7B 
10: 00007FF64943E7ED 
11: 00007FF647FC1460 
12: 00007FF647FDBCEA 
13: 00007FF647FE8186 
14: 00007FF647BBB1E7 
15: 00000231B7E7733A 

<--- Last few GCs --->

[12576:000001E8E41F9000]       49 ms: Scavenge 6.4 (8.5) -> 5.5 (10.1) MB, pooled: 0 MB, 0.75 / 0.00 ms  (average mu = 1.000, current mu = 1.000) allocation failure; 
[12576:000001E8E41F9000]      107 ms: Scavenge 8.7 (11.7) -> 7.8 (11.7) MB, pooled: 0 MB, 0.68 / 0.00 ms  (average mu = 1.000, current mu = 1.000) allocation failure; 
[12576:000001E8E41F9000]      154 ms: Scavenge 9.9 (12.9) -> 9.2 (13.7) MB, pooled: 0 MB, 0.98 / 0.00 ms  (average mu = 1.000, current mu = 1.000) allocation failure; 

FATAL ERROR: Committing semi space failed. Allocation failed - JavaScript heap out of memory
----- Native stack trace -----

 1: 00007FF64757AD5F 
 2: 00007FF6481C32D7 
 3: 00007FF647FC3997 
 4: 00007FF647F5C3BB 
 5: 00007FF647F33E0E 
 6: 00007FF647FC6432 
 7: 00007FF647FC53E7 
 8: 00007FF647FD6352 
 9: 00007FF647FD5E7B 
10: 00007FF64943E7ED 
11: 00007FF647FC1460 
12: 00007FF647FDBCEA 
13: 00007FF647FE7B48 
14: 00007FF647FFF4EC 
15: 00007FF647FFF485 
16: 00007FF647CE0D2E 
17: 00007FF647CE129D 
18: 00007FF647CE196B 
19: 00007FF647D0A52A 
20: 00007FF647CEDEDC 
21: 00007FF647CED709 
22: 00007FF647D6A63B 
23: 00007FF647D6ADCB 
24: 00007FF647D65FD9 
25: 00007FF647BB2AF4 
26: 000001E89FE7733A 

<--- Last few GCs --->

[37812:0000020409F8D000]      100 ms: Scavenge 8.7 (11.7) -> 7.8 (11.7) MB, pooled: 0 MB, 0.63 / 0.00 ms  (average mu = 1.000, current mu = 1.000) allocation failure; 
[37812:0000020409F8D000]      145 ms: Scavenge 9.9 (12.9) -> 9.2 (17.7) MB, pooled: 0 MB, 1.18 / 0.00 ms  (average mu = 1.000, current mu = 1.000) allocation failure; 
[37812:0000020409F8D000]      283 ms: Scavenge 13.1 (18.4) -> 11.1 (19.2) MB, pooled: 0 MB, 0.93 / 0.00 ms  (average mu = 1.000, current mu = 1.000) task; 

FATAL ERROR: Zone Allocation failed - process out of memory
----- Native stack trace -----


<--- Last few GCs --->

[37812:0000020409F8D000]      100 ms: Scavenge 8.7 (11.7) -> 7.8 (11.7) MB, pooled: 0 MB, 0.63 / 0.00 ms  (average mu = 1.000, current mu = 1.000) allocation failure; 
[37812:0000020409F8D000]      145 ms: Scavenge 9.9 (12.9) -> 9.2 (17.7) MB, pooled: 0 MB, 1.18 / 0.00 ms  (average mu = 1.000, current mu = 1.000) allocation failure; 
[37812:0000020409F8D000]      283 ms: Scavenge 13.1 (18.4) -> 11.1 (19.2) MB, pooled: 0 MB, 0.93 / 0.00 ms  (average mu = 1.000, current mu = 1.000) task; 

FATAL ERROR: Zone Allocation failed - process out of memory
----- Native stack trace -----

 1: 00007FF64757AD5F 
 2: 00007FF6481C32D7 
 3: 00007FF647B3E076 
 4: 00007FF647967BF6 
 5: 00007FF647967BB6 
 6: 00007FF647967BC8 
 7: 00007FF6479681B3 
 8: 00007FF647967F61 
 9: 00007FF647962454 
10: 00007FF64796A50E 
11: 00007FF64796A160 
12: 00007FF6479CEA24 
13: 00007FF6479CE612 
14: 00007FF6479CC401 
15: 00007FF6479CA413 
16: 00007FF6479C8673 
17: 00007FF6479C845B 
18: 00007FF64799F278 
19: 00007FF647A17356 
20: 00007FF647A16070 
21: 00007FF647A13E6A 
22: 00007FF648136F0F 
23: 00007FF647A1594B 
24: 00007FF64899593F 
25: 00007FF6474CADCE 
26: 00007FF648218646 
27: 00007FF649459FB3 
28: 00007FFDC4097374 
29: 00007FFDC54DCC91 
 1: 00007FF64757AD5F 
 2: 00007FF6481C32D7 
 3: 00007FF647B3E076 
 4: 00007FF6479D64F5 
 5: 00007FF647971A44 
 6: 00007FF6479B893B 
 7: 00007FF6479C3D6A 
 8: 00007FF6479C3386 
 9: 00007FF6479C3111 
10: 00007FF6479C9E3F 
11: 00007FF64799F1EB 
12: 00007FF647A17356 
13: 00007FF647A16070 
14: 00007FF647A13E6A 
15: 00007FF648136F0F 
16: 00007FF647A1594B 
17: 00007FF64899593F 
18: 00007FF6474CADCE 
19: 00007FF648218646 
20: 00007FF649459FB3 
21: 00007FFDC4097374 
22: 00007FFDC54DCC91 

<--- Last few GCs --->

[40560:0000025E938D0000]      278 ms: Scavenge 13.1 (18.6) -> 11.1 (19.2) MB, pooled: 0 MB, 0.72 / 0.00 ms  (average mu = 1.000, current mu = 1.000) task; 
[40560:0000025E938D0000]      318 ms: Scavenge 14.7 (19.9) -> 13.1 (20.9) MB, pooled: 0 MB, 1.47 / 0.00 ms  (average mu = 1.000, current mu = 1.000) allocation failure; 
[40560:0000025E938D0000]      391 ms: Scavenge 16.2 (21.2) -> 14.2 (22.4) MB, pooled: 4 MB, 1.69 / 0.00 ms  (average mu = 1.000, current mu = 1.000) allocation failure; 

FATAL ERROR: Zone Allocation failed - process out of memory
----- Native stack trace -----


<--- Last few GCs --->

[40560:0000025E938D0000]      278 ms: Scavenge 13.1 (18.6) -> 11.1 (19.2) MB, pooled: 0 MB, 0.72 / 0.00 ms  (average mu = 1.000, current mu = 1.000) task; 
[40560:0000025E938D0000]      318 ms: Scavenge 14.7 (19.9) -> 13.1 (20.9) MB, pooled: 0 MB, 1.47 / 0.00 ms  (average mu = 1.000, current mu = 1.000) allocation failure; 
[40560:0000025E938D0000]      391 ms: Scavenge 16.2 (21.2) -> 14.2 (22.4) MB, pooled: 4 MB, 1.69 / 0.00 ms  (average mu = 1.000, current mu = 1.000) allocation failure; 

FATAL ERROR: Zone Allocation failed - process out of memory
----- Native stack trace -----

 1: 00007FF64757AD5F 
 2: 00007FF6481C32D7 
 3: 00007FF647B3E076 
 4: 00007FF647968132 
 5: 00007FF6479680F2 
 6: 00007FF647968104 
 7: 00007FF647967FF3 
 8: 00007FF647967F3D 
 9: 00007FF647962454 
10: 00007FF64796B863 
11: 00007FF647A138C8 
12: 00007FF6479D4872 
13: 00007FF6479D4CD3 
14: 00007FF6479CA192 
15: 00007FF64799F1EB 
16: 00007FF647A17356 
17: 00007FF647A16070 
18: 00007FF647A13E6A 
19: 00007FF648136F0F 
20: 00007FF647A1594B 
21: 00007FF64899593F 
22: 00007FF6474CADCE 
23: 00007FF648218646 
24: 00007FF649459FB3 
25: 00007FFDC4097374 
26: 00007FFDC54DCC91 

<--- Last few GCs --->

[40560:0000025E938D0000]      278 ms: Scavenge 13.1 (18.6) -> 11.1 (19.2) MB, pooled: 0 MB, 0.72 / 0.00 ms  (average mu = 1.000, current mu = 1.000) task; 
[40560:0000025E938D0000]      318 ms: Scavenge 14.7 (19.9) -> 13.1 (20.9) MB, pooled: 0 MB, 1.47 / 0.00 ms  (average mu = 1.000, current mu = 1.000) allocation failure; 
[40560:0000025E938D0000]      391 ms: Scavenge 16.2 (21.2) -> 14.2 (22.4) MB, pooled: 4 MB, 1.69 / 0.00 ms  (average mu = 1.000, current mu = 1.000) allocation failure; 

FATAL ERROR: Zone Allocation failed - process out of memory
----- Native stack trace -----


<--- Last few GCs --->

[41184:000001B1E091A000]      278 ms: Scavenge 13.1 (18.6) -> 11.1 (19.2) MB, pooled: 0 MB, 0.64 / 0.00 ms  (average mu = 1.000, current mu = 1.000) task; 
[41184:000001B1E091A000]      320 ms: Scavenge 14.7 (19.9) -> 13.0 (20.9) MB, pooled: 0 MB, 1.59 / 0.00 ms  (average mu = 1.000, current mu = 1.000) allocation failure; 
[41184:000001B1E091A000]      394 ms: Scavenge 16.3 (21.9) -> 14.2 (23.2) MB, pooled: 2 MB, 1.70 / 0.00 ms  (average mu = 1.000, current mu = 1.000) allocation failure; 

FATAL ERROR: Committing semi space failed. Allocation failed - JavaScript heap out of memory
----- Native stack trace -----

 1: 00007FF64757AD5F 
 2: 00007FF6481C32D7 
 3: 00007FF647FC3997 
 4: 00007FF647F5C3BB 
 5: 00007FF647F33E0E 
 6: 00007FF647FC6432 
 7: 00007FF647FC53E7 
 8: 00007FF647FD6352 
 9: 00007FF647FD5E7B 
10: 00007FF64943E7ED 
11: 00007FF647FC1460 
12: 00007FF647FDBCEA 
13: 00007FF647FE8186 
14: 00007FF647BBB1E7 
15: 000001B19FE7733A 

<--- Last few GCs --->

[15820:0000023F11A09000]      386 ms: Scavenge 13.0 (18.6) -> 11.1 (19.2) MB, pooled: 0 MB, 0.71 / 0.00 ms  (average mu = 1.000, current mu = 1.000) task; 
[15820:0000023F11A09000]      429 ms: Scavenge 14.8 (19.9) -> 13.2 (21.4) MB, pooled: 0 MB, 1.05 / 0.00 ms  (average mu = 1.000, current mu = 1.000) allocation failure; 
[15820:0000023F11A09000]      500 ms: Scavenge 16.2 (22.2) -> 14.2 (22.9) MB, pooled: 3 MB, 1.81 / 0.00 ms  (average mu = 1.000, current mu = 1.000) allocation failure; 

FATAL ERROR: Committing semi space failed. Allocation failed - JavaScript heap out of memory
----- Native stack trace -----

 1: 00007FF64757AD5F 
 2: 00007FF6481C32D7 
 3: 00007FF647FC3997 
 4: 00007FF647F5C3BB 
 5: 00007FF647F33E0E 
 6: 00007FF647FC6432 
 7: 00007FF647FC53E7 
 8: 00007FF647FD6352 
 9: 00007FF647FD5E7B 
10: 00007FF64943E7ED 
11: 00007FF647FC1460 
12: 00007FF647FDBCEA 
13: 00007FF647FE8186 
14: 00007FF647BBB1E7 
15: 0000023F4A07733A 

<--- Last few GCs --->

[46400:00000221FCC7B000]      265 ms: Scavenge 13.1 (18.6) -> 11.1 (19.2) MB, pooled: 0 MB, 0.71 / 0.00 ms  (average mu = 1.000, current mu = 1.000) task; 
[46400:00000221FCC7B000]      304 ms: Scavenge 14.7 (19.9) -> 13.1 (21.4) MB, pooled: 0 MB, 1.02 / 0.00 ms  (average mu = 1.000, current mu = 1.000) allocation failure; 
[46400:00000221FCC7B000]      374 ms: Scavenge 16.2 (21.7) -> 14.2 (22.2) MB, pooled: 3 MB, 1.56 / 0.00 ms  (average mu = 1.000, current mu = 1.000) allocation failure; 

FATAL ERROR: Committing semi space failed. Allocation failed - JavaScript heap out of memory
----- Native stack trace -----

 1: 00007FF64757AD5F 
 2: 00007FF6481C32D7 
 3: 00007FF647FC3997 
 4: 00007FF647F5C3BB 
 5: 00007FF647F33E0E 
 6: 00007FF647FC6432 
 7: 00007FF647FC53E7 
 8: 00007FF647FD6352 
 9: 00007FF647FD5E7B 
10: 00007FF64943E7ED 
11: 00007FF647FC1460 
12: 00007FF647FDBCEA 
13: 00007FF647FE8186 
14: 00007FF647BBB1E7 
15: 00000221B7E7733A 

<--- Last few GCs --->

[48400:000001E682D45000]      266 ms: Scavenge 13.1 (18.6) -> 11.1 (19.2) MB, pooled: 0 MB, 0.75 / 0.00 ms  (average mu = 1.000, current mu = 1.000) task; 
[48400:000001E682D45000]      307 ms: Scavenge 14.8 (19.7) -> 13.2 (21.2) MB, pooled: 0 MB, 1.09 / 0.00 ms  (average mu = 1.000, current mu = 1.000) allocation failure; 
[48400:000001E682D45000]      371 ms: Scavenge 16.2 (21.9) -> 14.2 (22.7) MB, pooled: 4 MB, 1.71 / 0.00 ms  (average mu = 1.000, current mu = 1.000) allocation failure; 

FATAL ERROR: Zone Allocation failed - process out of memory
----- Native stack trace -----

 1: 00007FF64757AD5F 
 2: 00007FF6481C32D7 
 3: 00007FF647B3E076 
 4: 00007FF647967BF6 
 5: 00007FF647967BC8 
 6: 00007FF647967BC8 
 7: 00007FF6479681B3 
 8: 00007FF647967F61 
 9: 00007FF647962454 
10: 00007FF64796A50E 
11: 00007FF64796A283 
12: 00007FF6479CD7B4 
13: 00007FF6479CD3E7 
14: 00007FF6479CC167 
15: 00007FF6479C9643 
16: 00007FF6479C8673 
17: 00007FF6479C845B 
18: 00007FF64799F278 
19: 00007FF647A17356 
20: 00007FF647A16070 
21: 00007FF647A13E6A 
22: 00007FF648136F0F 
23: 00007FF647A1594B 
24: 00007FF64899593F 
25: 00007FF6474CADCE 
26: 00007FF648218646 
27: 00007FF649459FB3 
28: 00007FFDC4097374 
29: 00007FFDC54DCC91 

<--- Last few GCs --->

[59940:000002440E3E9000]     1033 ms: Scavenge 19.8 (33.7) -> 17.8 (34.4) MB, pooled: 0 MB, 584.67 / 0.00 ms  (average mu = 1.000, current mu = 1.000) allocation failure; 
[59940:000002440E3E9000]     1050 ms: Scavenge 17.8 (34.4) -> 17.8 (35.2) MB, pooled: 0 MB, 16.37 / 0.00 ms  (average mu = 1.000, current mu = 1.000) allocation failure; 

FATAL ERROR: Zone Allocation failed - process out of memory
----- Native stack trace -----


<--- Last few GCs --->

[61216:0000021C76E39000]       45 ms: Scavenge 6.4 (8.5) -> 5.5 (8.1) MB, pooled: 1 MB, 0.65 / 0.00 ms  (average mu = 1.000, current mu = 1.000) allocation failure; 

FATAL ERROR: AlignedAlloc Allocation failed - process out of memory
----- Native stack trace -----

 1: 00007FF64757AD5F 
 2: 00007FF6481C32D7 
 3: 00007FF647B40FBE 
 4: 00007FF647CBB01B 
 5: 00007FF647CB900C 
 6: 00007FF647FFE677 
 7: 00007FF6481B98D1 
 8: 00007FF6481BA57B 
 9: 00007FF647C66A37 
10: 00007FF647C6D386 
11: 00007FF647C65FFE 
12: 00007FF64813E0C0 
13: 00007FF64813EBAC 
14: 00007FF647BC225B 
15: 0000021C2FE7733A 

<--- Last few GCs --->

[55244:000002AA46F46000]       47 ms: Scavenge 6.4 (8.8) -> 5.5 (10.3) MB, pooled: 0 MB, 0.81 / 0.00 ms  (average mu = 1.000, current mu = 1.000) allocation failure; 

FATAL ERROR: Zone Allocation failed - process out of memory
----- Native stack trace -----

 1: 00007FF64757AD5F 
 2: 00007FF6481C32D7 
 3: 00007FF647B3E076 
 4: 00007FF6481AA346 
 5: 00007FF647C54D30 
 6: 00007FF647C52CD5 
 7: 00007FF647C5726B 
 8: 00007FF647C56733 
 9: 00007FF647C561D4 
10: 00007FF647C53DF7 
11: 00007FF647C52CB5 
12: 00007FF647C5726B 
13: 00007FF647C56733 
14: 00007FF647C56DC7 
15: 00007FF647C567AD 
16: 00007FF647C5518A 
17: 00007FF647C61431 
18: 00007FF647C50A11 
19: 00007FF647C4FF7D 
20: 00007FF647C5C15B 
21: 00007FF647C506F2 
22: 00007FF647C61999 
23: 00007FF647C5DC19 
24: 00007FF647C509A6 
25: 00007FF647C4FF7D 
26: 00007FF647C5C15B 
27: 00007FF647C50A7F 
28: 00007FF647C4FF7D 
29: 00007FF647C5C15B 
30: 00007FF647C50A7F 
31: 00007FF647C4FF7D 
32: 00007FF647C4F73B 
33: 00007FF647C4EC3C 
34: 00007FF647C59F34 
35: 00007FF647C54E01 
36: 00007FF647C52CD5 
37: 00007FF647C5726B 
38: 00007FF647C56733 
39: 00007FF647C596A2 
40: 00007FF647C54B3D 
41: 00007FF647C52CE5 
42: 00007FF647C5726B 
43: 00007FF647C56733 
44: 00007FF647C596A2 
45: 00007FF647C59CA1 
46: 00007FF647C54E01 
47: 00007FF647C52CD5 
48: 00007FF647C5726B 
49: 00007FF647C56733 
50: 00007FF647C5518A 
51: 00007FF647C602C4 
52: 00007FF647C5099C 
53: 00007FF647C4FF7D 
54: 00007FF647C4E6AB 
55: 00007FF647C4D9E6 
56: 00007FF647C78548 
57: 00007FF647C6C560 
58: 00007FF647C90AE3 
59: 00007FF647C70F54 
60: 00007FF647C799EB 
61: 00007FF647C78EEA 
62: 00007FF647C6C5E7 
63: 00007FF647C6B7B4 
64: 00007FF647C6AAA2 
65: 00007FF647C6A74A 
66: 00007FF647C65D79 
67: 00007FF648140C7F 
68: 00007FF648143A81 
69: 00007FF6481CC793 
70: 00007FF647597733 
71: 00007FF647595ECD 
72: 000002AA7EDCF64D 

<--- Last few GCs --->

[6056:00000246F8D15000]       49 ms: Scavenge 6.4 (9.0) -> 5.5 (8.6) MB, pooled: 2 MB, 1.26 / 0.00 ms  (average mu = 1.000, current mu = 1.000) allocation failure; 

FATAL ERROR: Zone Allocation failed - process out of memory
----- Native stack trace -----

 1: 00007FF64757AD5F 
 2: 00007FF6481C32D7 
 3: 00007FF647B3E076 
 4: 00007FF6481AA346 
 5: 00007FF647C8D8D5 
 6: 00007FF647C799EB 
 7: 00007FF647C78EEA 
 8: 00007FF647C6C5E7 
 9: 00007FF647C90AE3 
10: 00007FF647C70F54 
11: 00007FF647C89E88 
12: 00007FF647C8AD1A 
13: 00007FF647C799EB 
14: 00007FF647C6F42A 
15: 00007FF647C6E650 
16: 00007FF647C6D35A 
17: 00007FF647C65FFE 
18: 00007FF64813E0C0 
19: 00007FF64813EBAC 
20: 00007FF647BC225B 
21: 00000246B7E7733A 

<--- Last few GCs --->

[59364:000001A0EDBB9000]       71 ms: Scavenge (interleaved) 6.7 (7.8) -> 5.8 (8.1) MB, pooled: 0 MB, 1.06 / 0.00 ms  (average mu = 0.873, current mu = 0.007) allocation failure; 
[59364:000001A0EDBB9000]       89 ms: Scavenge (interleaved) 6.4 (8.1) -> 6.2 (9.1) MB, pooled: 0 MB, 0.69 / 0.00 ms  (average mu = 0.873, current mu = 0.007) allocation failure; 

FATAL ERROR: Committing semi space failed. Allocation failed - JavaScript heap out of memory
----- Native stack trace -----

 1: 00007FF64757AD5F 
 2: 00007FF6481C32D7 
 3: 00007FF647FC3997 
 4: 00007FF647F5C3BB 
 5: 00007FF647F33E0E 
 6: 00007FF647FC6432 
 7: 00007FF647FC53E7 
 8: 00007FF647FD6352 
 9: 00007FF647FD5E7B 
10: 00007FF64943E7ED 
11: 00007FF647FC1460 
12: 00007FF647FDBCEA 
13: 00007FF647FE7B48 
14: 00007FF648002E55 
15: 00007FF648002DBC 
16: 00007FF647FE9C99 
17: 00007FF647FE9E92 
18: 00007FF6481C30D2 
19: 00007FF647555F35 
20: 000001A0A7DCF64D 

<--- Last few GCs --->



#
# Fatal JavaScript out of memory: MemoryChunk allocation failed during deserialization.
#
----- Native stack trace -----

 1: 00007FF6474CEF0D 
 2: 00007FF648921D66 
 3: 00007FF6481C32B6 
 4: 00007FF647FC3997 
 5: 00007FF647F75BEA 
 6: 00007FF647F75CAC 
 7: 00007FF647F7659B 
 8: 00007FF647F4D7F1 
 9: 00007FF647FB36A3 
10: 00007FF647FB340E 
11: 00007FF647FB21F8 
12: 00007FF647FB217A 
13: 00007FF647B798C3 
14: 00007FF647B7770C 
15: 00007FF647B7D3B6 
16: 00007FF647B783F8 
17: 00007FF647B778EE 
18: 00007FF647B7D3B6 
19: 00007FF647B783F8 
20: 00007FF647B778EE 
21: 00007FF647B7D3B6 
22: 00007FF647B783F8 
23: 00007FF647B778EE 
24: 00007FF647B7D3B6 
25: 00007FF647B783F8 
26: 00007FF647B778EE 
27: 00007FF647B7E98E 
28: 00007FF647B7813D 
29: 00007FF647FCB958 
30: 00007FF647B56623 
31: 00007FF64805E8AC 
32: 00007FF64805ECA2 
33: 00007FF647B5C263 
34: 00007FF6481EE496 
35: 00007FF647688C5D 
36: 00007FF6473E5B84 
37: 00007FF6473E4F19 
38: 00007FF6473EEC30 
39: 00007FF648218646 
40: 00007FF649459FB3 
41: 00007FFDC4097374 
42: 00007FFDC54DCC91 

<--- Last few GCs --->



#
# Fatal JavaScript out of memory: MemoryChunk allocation failed during deserialization.
#
----- Native stack trace -----

 1: 00007FF6474CEF0D 
 2: 00007FF648921D66 
 3: 00007FF6481C32B6 
 4: 00007FF647FC3997 
 5: 00007FF647F75BEA 
 6: 00007FF647F75CAC 
 7: 00007FF647F7659B 
 8: 00007FF647F4D7F1 
 9: 00007FF647FB36A3 
10: 00007FF647FB340E 
11: 00007FF647FB21F8 
12: 00007FF647FB217A 
13: 00007FF647B798C3 
14: 00007FF647B7770C 
15: 00007FF647B7E98E 
16: 00007FF647B7813D 
17: 00007FF647B55B74 
18: 00007FF647B73121 
19: 00007FF647B5662F 
20: 00007FF64805E8AC 
21: 00007FF64805ECA2 
22: 00007FF647B5C263 
23: 00007FF6481EE496 
24: 00007FF647688C5D 
25: 00007FF6473E5B84 
26: 00007FF6473E4F19 
27: 00007FF6473EEC30 
28: 00007FF648218646 
29: 00007FF649459FB3 
30: 00007FFDC4097374 
31: 00007FFDC54DCC91 

<--- Last few GCs --->

[59484:000002195E27B000]       19 ms: Mark-Compact 2.8 (5.3) -> 2.6 (5.6) MB, pooled: 0 MB, 2.04 / 0.00 ms  (average mu = 0.886, current mu = 0.886) background allocation failure; GC in old space requested

FATAL ERROR: MarkCompactCollector: young object promotion failed Allocation failed - JavaScript heap out of memory
----- Native stack trace -----

 1: 00007FF64757AD5F 
 2: 00007FF6481C32D7 
 3: 00007FF647FC3997 
 4: 00007FF647FA32AE 
 5: 00007FF647F9896D 
 6: 00007FF647F9861C 
 7: 00007FF647F98261 
 8: 00007FF647FAA548 
 9: 00007FF64899525D 
10: 00007FF648995572 
11: 00007FF647F9B2A4 
12: 00007FF647F829CD 
13: 00007FF647F7CA44 
14: 00007FF647FC5D9A 
15: 00007FF647FC53C6 
16: 00007FF647FD6352 
17: 00007FF647FD5E7B 
18: 00007FF64943E7ED 
19: 00007FF647FC1460 
20: 00007FF647B799AE 
21: 00007FF647B7770C 
22: 00007FF647B7D3B6 
23: 00007FF647B783F8 
24: 00007FF647B778EE 
25: 00007FF647B7D3B6 
26: 00007FF647B783F8 
27: 00007FF647B778EE 
28: 00007FF647B7D3B6 
29: 00007FF647B783F8 
30: 00007FF647B778EE 
31: 00007FF647B7D3B6 
32: 00007FF647B783F8 
33: 00007FF647B778EE 
34: 00007FF647B7D3B6 
35: 00007FF647B783F8 
36: 00007FF647B778EE 
37: 00007FF647B7D3B6 
38: 00007FF647B783F8 
39: 00007FF647B778EE 
40: 00007FF647B7D3B6 
41: 00007FF647B783F8 
42: 00007FF647B778EE 
43: 00007FF647B7D3B6 
44: 00007FF647B783F8 
45: 00007FF647B778EE 
46: 00007FF647B7D3B6 
47: 00007FF647B783F8 
48: 00007FF647B778EE 
49: 00007FF647B7D3B6 
50: 00007FF647B783F8 
51: 00007FF647B778EE 
52: 00007FF647B7D3B6 
53: 00007FF647B783F8 
54: 00007FF647B778EE 
55: 00007FF647B7D3B6 
56: 00007FF647B783F8 
57: 00007FF647B778EE 
58: 00007FF647B7C094 
59: 00007FF647B77DE7 
60: 00007FF647B77C9A 
61: 00007FF647B74FF7 
62: 00007FF647B74F74 
63: 00007FF647B85BC5 
64: 00007FF64814377E 
65: 00007FF6481CC793 
66: 00007FF6475AA340 
67: 00007FF6475AAEF2 
68: 00007FF6475ACF76 
69: 000002197E54F64D 

<--- Last few GCs --->

[52652:000001F17EB9C000]       23 ms: Scavenge 3.9 (6.1) -> 3.6 (6.3) MB, pooled: 0 MB, 0.68 / 0.00 ms  (average mu = 1.000, current mu = 1.000) allocation failure; 

FATAL ERROR: NewSpace::EnsureCurrentCapacity Allocation failed - JavaScript heap out of memory
----- Native stack trace -----

 1: 00007FF64757AD5F 
 2: 00007FF6481C32D7 
 3: 00007FF647FC3997 
 4: 00007FF647F84433 
 5: 00007FF647FC5D9A 
 6: 00007FF647FC53C6 
 7: 00007FF647FD6352 
 8: 00007FF647FD5E7B 
 9: 00007FF64943E7ED 
10: 00007FF647FC1460 
11: 00007FF647B799AE 
12: 00007FF647B7770C 
13: 00007FF647B7C094 
14: 00007FF647B77DE7 
15: 00007FF647B77C9A 
16: 00007FF647B74FF7 
17: 00007FF647B74F74 
18: 00007FF647B85BC5 
19: 00007FF64814377E 
20: 00007FF6481CC793 
21: 00007FF6475AA340 
22: 00007FF6475AAEF2 
23: 00007FF6475ACF76 
24: 000001F14FDCF64D 

<--- Last few GCs --->

[61148:000001CD7429E000]       21 ms: Scavenge 3.9 (6.1) -> 3.6 (6.1) MB, pooled: 0 MB, 0.62 / 0.00 ms  (average mu = 1.000, current mu = 1.000) allocation failure; 
[61148:000001CD7429E000]       33 ms: Scavenge 5.1 (6.8) -> 4.9 (7.6) MB, pooled: 0 MB, 5.22 / 0.00 ms  (average mu = 1.000, current mu = 1.000) allocation failure; 

FATAL ERROR: Committing semi space failed. Allocation failed - JavaScript heap out of memory
----- Native stack trace -----

 1: 00007FF64757AD5F 
 2: 00007FF6481C32D7 
 3: 00007FF647FC3997 
 4: 00007FF647F5C3BB 
 5: 00007FF647F8472A 
 6: 00007FF647FC5D76 
 7: 00007FF647FC53C6 
 8: 00007FF647FD6352 
 9: 00007FF647FD5E7B 
10: 00007FF64943E7ED 
11: 00007FF647FC1460 
12: 00007FF647FDBEFE 
13: 00007FF647FF25C6 
14: 00007FF647CFED98 
15: 00007FF647CFF2BF 
16: 00007FF647CFEF58 
17: 00007FF647D016EC 
18: 00007FF647D0A093 
19: 00007FF647CEDED1 
20: 00007FF647CED709 
21: 00007FF647CEC01F 
22: 00007FF647BB0026 
23: 00007FF647BB00B4 
24: 00007FF6481D5EB0 
25: 00007FF64735F7DB 
26: 00007FF6475C6EF9 
27: 000001CD3FDCF64D 

<--- Last few GCs --->

[16248:00000218FBA88000]       22 ms: Scavenge 3.9 (6.1) -> 3.6 (6.3) MB, pooled: 0 MB, 0.69 / 0.00 ms  (average mu = 1.000, current mu = 1.000) allocation failure; 
[16248:00000218FBA88000]       32 ms: Scavenge 5.1 (6.8) -> 4.8 (7.3) MB, pooled: 0 MB, 2.69 / 0.00 ms  (average mu = 1.000, current mu = 1.000) allocation failure; 

FATAL ERROR: Committing semi space failed. Allocation failed - JavaScript heap out of memory
----- Native stack trace -----

 1: 00007FF64757AD5F 
 2: 00007FF6481C32D7 
 3: 00007FF647FC3997 
 4: 00007FF647F5C3BB 
 5: 00007FF647F8472A 
 6: 00007FF647FC5D76 
 7: 00007FF647FC53C6 
 8: 00007FF647FD6352 
 9: 00007FF647FD5E7B 
10: 00007FF64943E7ED 
11: 00007FF647FC1460 
12: 00007FF648045139 
13: 00007FF647BBAB12 
14: 000002189FE7733A 

<--- Last few GCs --->

[58952:0000013C4F1C7000]       25 ms: Scavenge 3.9 (6.1) -> 3.6 (6.1) MB, pooled: 0 MB, 0.67 / 0.00 ms  (average mu = 1.000, current mu = 1.000) allocation failure; 
[58952:0000013C4F1C7000]       33 ms: Scavenge 5.1 (6.8) -> 4.8 (9.6) MB, pooled: 0 MB, 1.16 / 0.00 ms  (average mu = 1.000, current mu = 1.000) allocation failure; 

FATAL ERROR: NewSpace::EnsureCurrentCapacity Allocation failed - JavaScript heap out of memory
----- Native stack trace -----

 1: 00007FF64757AD5F 
 2: 00007FF6481C32D7 
 3: 00007FF647FC3997 
 4: 00007FF647F84433 
 5: 00007FF647FC5D9A 
 6: 00007FF647FC53C6 
 7: 00007FF647FD6352 
 8: 00007FF647FD5E7B 
 9: 00007FF64943E7ED 
10: 00007FF647FC1460 
11: 00007FF647B799AE 
12: 00007FF647B7770C 
13: 00007FF647B7D3B6 
14: 00007FF647B783F8 
15: 00007FF647B778EE 
16: 00007FF647B7D3B6 
17: 00007FF647B783F8 
18: 00007FF647B778EE 
19: 00007FF647B7D3B6 
20: 00007FF647B783F8 
21: 00007FF647B778EE 
22: 00007FF647B7D3B6 
23: 00007FF647B783F8 
24: 00007FF647B778EE 
25: 00007FF647B7C094 
26: 00007FF647B77DE7 
27: 00007FF647B77C9A 
28: 00007FF647B74FF7 
29: 00007FF647B74F74 
30: 00007FF647B85BC5 
31: 00007FF64814377E 
32: 00007FF6481CC793 
33: 00007FF6475AA340 
34: 00007FF6475AAEF2 
35: 00007FF6475ACF76 
36: 0000013C6F50F64D 

<--- Last few GCs --->

[50808:000001F73BD16000]       22 ms: Scavenge 3.9 (6.1) -> 3.7 (6.3) MB, pooled: 0 MB, 0.75 / 0.00 ms  (average mu = 1.000, current mu = 1.000) allocation failure; 
[50808:000001F73BD16000]       31 ms: Scavenge 5.2 (7.1) -> 4.9 (9.6) MB, pooled: 0 MB, 0.81 / 0.00 ms  (average mu = 1.000, current mu = 1.000) allocation failure; 

FATAL ERROR: NewSpace::EnsureCurrentCapacity Allocation failed - JavaScript heap out of memory
----- Native stack trace -----

 1: 00007FF64757AD5F 
 2: 00007FF6481C32D7 
 3: 00007FF647FC3997 
 4: 00007FF647F84433 
 5: 00007FF647FC5D9A 
 6: 00007FF647FC53C6 
 7: 00007FF647FD6352 
 8: 00007FF647FD5E7B 
 9: 00007FF64943E7ED 
10: 00007FF647FC1460 
11: 00007FF647B799AE 
12: 00007FF647B7770C 
13: 00007FF647B7D3B6 
14: 00007FF647B783F8 
15: 00007FF647B778EE 
16: 00007FF647B7D3B6 
17: 00007FF647B783F8 
18: 00007FF647B778EE 
19: 00007FF647B7D3B6 
20: 00007FF647B783F8 
21: 00007FF647B778EE 
22: 00007FF647B7D3B6 
23: 00007FF647B783F8 
24: 00007FF647B778EE 
25: 00007FF647B7D3B6 
26: 00007FF647B783F8 
27: 00007FF647B778EE 
28: 00007FF647B7C094 
29: 00007FF647B77DE7 
30: 00007FF647B77C9A 
31: 00007FF647B74FF7 
32: 00007FF647B74F74 
33: 00007FF647B85BC5 
34: 00007FF64814377E 
35: 00007FF6481CC793 
36: 00007FF6475AA340 
37: 00007FF6475AAEF2 
38: 00007FF6475ACF76 
39: 000001F75C00F64D 

<--- Last few GCs --->

[50432:0000024AFAE98000]       96 ms: Scavenge 8.7 (11.7) -> 7.8 (11.7) MB, pooled: 0 MB, 0.68 / 0.00 ms  (average mu = 1.000, current mu = 1.000) allocation failure; 
[50432:0000024AFAE98000]      142 ms: Scavenge 9.9 (13.4) -> 9.2 (17.9) MB, pooled: 0 MB, 1.17 / 0.00 ms  (average mu = 1.000, current mu = 1.000) allocation failure; 
[50432:0000024AFAE98000]      416 ms: Scavenge 13.1 (18.4) -> 11.2 (18.7) MB, pooled: 0 MB, 136.18 / 0.00 ms  (average mu = 1.000, current mu = 1.000) task; 

FATAL ERROR: Zone Allocation failed - process out of memory
----- Native stack trace -----


<--- Last few GCs --->

[50432:0000024AFAE98000]       96 ms: Scavenge 8.7 (11.7) -> 7.8 (11.7) MB, pooled: 0 MB, 0.68 / 0.00 ms  (average mu = 1.000, current mu = 1.000) allocation failure; 
[50432:0000024AFAE98000]      142 ms: Scavenge 9.9 (13.4) -> 9.2 (17.9) MB, pooled: 0 MB, 1.17 / 0.00 ms  (average mu = 1.000, current mu = 1.000) allocation failure; 
[50432:0000024AFAE98000]      416 ms: Scavenge 13.1 (18.4) -> 11.2 (18.7) MB, pooled: 0 MB, 136.18 / 0.00 ms  (average mu = 1.000, current mu = 1.000) task; 

FATAL ERROR: Zone Allocation failed - process out of memory
----- Native stack trace -----

 1: 00007FF64757AD5F 
 2: 00007FF6481C32D7 
 3: 00007FF647B3E076 
 4: 00007FF6476FF2A3 
 5: 00007FF647929419 
 6: 00007FF64792A18A 
 7: 00007FF6479294D7 
 8: 00007FF647A16C91 
 9: 00007FF647A13E6A 
10: 00007FF648136F0F 
11: 00007FF647A1594B 
12: 00007FF64899593F 
13: 00007FF6474CADCE 
14: 00007FF648218646 
15: 00007FF649459FB3 
16: 00007FFDC4097374 
17: 00007FFDC54DCC91 

<--- Last few GCs --->



#
# Fatal JavaScript out of memory: MemoryChunk allocation failed during deserialization.
#
----- Native stack trace -----

 1: 00007FF6474CEF0D 
 2: 00007FF648921D66 
 3: 00007FF6481C32B6 
 4: 00007FF647FC3997 
 5: 00007FF647F75BEA 
 6: 00007FF647F75CAC 
 7: 00007FF647F7659B 
 8: 00007FF647F4D7F1 
 9: 00007FF647FB36A3 
10: 00007FF647FB340E 
11: 00007FF647FB21F8 
12: 00007FF647FB217A 
13: 00007FF647FDBC15 
14: 00007FF647B79938 
15: 00007FF647B7770C 
16: 00007FF647B7D3B6 
17: 00007FF647B783F8 
18: 00007FF647B778EE 
19: 00007FF647B7D3B6 
20: 00007FF647B783F8 
21: 00007FF647B778EE 
22: 00007FF647B7D3B6 
23: 00007FF647B783F8 
24: 00007FF647B778EE 
25: 00007FF647B7D3B6 
26: 00007FF647B783F8 
27: 00007FF647B778EE 
28: 00007FF647B7E98E 
29: 00007FF647B7813D 
30: 00007FF647FCB958 
31: 00007FF647B56623 
32: 00007FF64805E8AC 
33: 00007FF64805ECA2 
34: 00007FF647B5C263 
35: 00007FF6481EE496 
36: 00007FF647688C5D 
37: 00007FF6473E5B84 
38: 00007FF6473E4F19 
39: 00007FF6473EEC30 
40: 00007FF648218646 
41: 00007FF649459FB3 
42: 00007FFDC4097374 
43: 00007FFDC54DCC91 

<--- Last few GCs --->



#
# Fatal JavaScript out of memory: MemoryChunk allocation failed during deserialization.
#
----- Native stack trace -----

 1: 00007FF6474CEF0D 
 2: 00007FF648921D66 
 3: 00007FF6481C32B6 
 4: 00007FF647FC3997 
 5: 00007FF647F75BEA 
 6: 00007FF647F75CAC 
 7: 00007FF647F7659B 
 8: 00007FF647F4D7F1 
 9: 00007FF647FB36A3 
10: 00007FF647FB340E 
11: 00007FF647FB21F8 
12: 00007FF647FB217A 
13: 00007FF647FDBC15 
14: 00007FF647B79938 
15: 00007FF647B7770C 
16: 00007FF647B7D3B6 
17: 00007FF647B783F8 
18: 00007FF647B778EE 
19: 00007FF647B7D3B6 
20: 00007FF647B783F8 
21: 00007FF647B778EE 
22: 00007FF647B7D3B6 
23: 00007FF647B783F8 
24: 00007FF647B778EE 
25: 00007FF647B7D3B6 
26: 00007FF647B783F8 
27: 00007FF647B778EE 
28: 00007FF647B7D3B6 
29: 00007FF647B783F8 
30: 00007FF647B778EE 
31: 00007FF647B7E98E 
32: 00007FF647B7813D 
33: 00007FF647FCB958 
34: 00007FF647B56623 
35: 00007FF64805E8AC 
36: 00007FF64805ECA2 
37: 00007FF647B5C263 
38: 00007FF6481EE496 
39: 00007FF647688C5D 
40: 00007FF6473E5B84 
41: 00007FF6473E4F19 
42: 00007FF6473EEC30 
43: 00007FF648218646 
44: 00007FF649459FB3 
45: 00007FFDC4097374 
46: 00007FFDC54DCC91 

<--- Last few GCs --->



#
# Fatal JavaScript out of memory: MemoryChunk allocation failed during deserialization.
#
----- Native stack trace -----

 1: 00007FF6474CEF0D 
 2: 00007FF648921D66 
 3: 00007FF6481C32B6 
 4: 00007FF647FC3997 
 5: 00007FF647F75BEA 
 6: 00007FF647F75CAC 
 7: 00007FF647F7659B 
 8: 00007FF647F4D7F1 
 9: 00007FF647FB36A3 
10: 00007FF647FB340E 
11: 00007FF647FB21F8 
12: 00007FF647FB217A 
13: 00007FF647B798C3 
14: 00007FF647B7770C 
15: 00007FF647B7D3B6 
16: 00007FF647B783F8 
17: 00007FF647B778EE 
18: 00007FF647B7D3B6 
19: 00007FF647B783F8 
20: 00007FF647B778EE 
21: 00007FF647B7D3B6 
22: 00007FF647B783F8 
23: 00007FF647B778EE 
24: 00007FF647B7D3B6 
25: 00007FF647B783F8 
26: 00007FF647B778EE 
27: 00007FF647B7D3B6 
28: 00007FF647B783F8 
29: 00007FF647B778EE 
30: 00007FF647B7E98E 
31: 00007FF647B7813D 
32: 00007FF647FCB958 
33: 00007FF647B56623 
34: 00007FF64805E8AC 
35: 00007FF64805ECA2 
36: 00007FF647B5C263 
37: 00007FF6481EE496 
38: 00007FF647688C5D 
39: 00007FF6473E5B84 
40: 00007FF6473E4F19 
41: 00007FF6473EEC30 
42: 00007FF648218646 
43: 00007FF649459FB3 
44: 00007FFDC4097374 
45: 00007FFDC54DCC91 RtlUserThreadStart+33

<--- Last few GCs --->



#
# Fatal JavaScript out of memory: MemoryChunk allocation failed during deserialization.
#
----- Native stack trace -----

 1: 00007FF6474CEF0D 
 2: 00007FF648921D66 
 3: 00007FF6481C32B6 
 4: 00007FF647FC3997 
 5: 00007FF647F75BEA 
 6: 00007FF647F75CAC 
 7: 00007FF647F7659B 
 8: 00007FF647F4D7F1 
 9: 00007FF647FB36A3 
10: 00007FF647FB340E 
11: 00007FF647FB21F8 
12: 00007FF647FB217A 
13: 00007FF647B798C3 
14: 00007FF647B7770C 
15: 00007FF647B7D3B6 
16: 00007FF647B783F8 
17: 00007FF647B778EE 
18: 00007FF647B7D3B6 
19: 00007FF647B783F8 
20: 00007FF647B778EE 
21: 00007FF647B7D3B6 
22: 00007FF647B783F8 
23: 00007FF647B778EE 
24: 00007FF647B7E98E 
25: 00007FF647B7813D 
26: 00007FF647FCB958 
27: 00007FF647B56623 
28: 00007FF64805E8AC 
29: 00007FF64805ECA2 
30: 00007FF647B5C263 
31: 00007FF6481EE496 
32: 00007FF647688C5D 
33: 00007FF6473E5B84 
34: 00007FF6473E4F19 
35: 00007FF6473EEC30 
36: 00007FF648218646 
37: 00007FF649459FB3 
38: 00007FFDC4097374 
39: 00007FFDC54DCC91 

<--- Last few GCs --->



#
# Fatal JavaScript out of memory: MemoryChunk allocation failed during deserialization.
#
----- Native stack trace -----

 1: 00007FF6474CEF0D 
 2: 00007FF648921D66 
 3: 00007FF6481C32B6 
 4: 00007FF647FC3997 
 5: 00007FF647F75BEA 
 6: 00007FF647F75CAC 
 7: 00007FF647F7659B 
 8: 00007FF647F4D7F1 
 9: 00007FF647FB36A3 
10: 00007FF647FB340E 
11: 00007FF647FB21F8 
12: 00007FF647FB217A 
13: 00007FF647FDBC15 
14: 00007FF647B79938 
15: 00007FF647B7770C 
16: 00007FF647B7D3B6 
17: 00007FF647B783F8 
18: 00007FF647B778EE 
19: 00007FF647B7D3B6 
20: 00007FF647B783F8 
21: 00007FF647B778EE 
22: 00007FF647B7D3B6 
23: 00007FF647B783F8 
24: 00007FF647B778EE 
25: 00007FF647B7D3B6 
26: 00007FF647B783F8 
27: 00007FF647B778EE 
28: 00007FF647B7D3B6 
29: 00007FF647B783F8 
30: 00007FF647B778EE 
31: 00007FF647B7E98E 
32: 00007FF647B7813D 
33: 00007FF647FCB958 
34: 00007FF647B56623 
35: 00007FF64805E8AC 
36: 00007FF64805ECA2 
37: 00007FF647B5C263 
38: 00007FF6481EE496 
39: 00007FF647688C5D 
40: 00007FF6473E5B84 
41: 00007FF6473E4F19 
42: 00007FF6473EEC30 
43: 00007FF648218646 
44: 00007FF649459FB3 
45: 00007FFDC4097374 BaseThreadInitThunk+20
46: 00007FFDC54DCC91 

<--- Last few GCs --->

[49648:000001CDBEAD7000]       23 ms: Scavenge 4.0 (6.1) -> 3.7 (6.1) MB, pooled: 0 MB, 0.78 / 0.00 ms  (average mu = 1.000, current mu = 1.000) allocation failure; 
[49648:000001CDBEAD7000]       30 ms: Scavenge 5.1 (6.8) -> 4.8 (7.3) MB, pooled: 1 MB, 0.77 / 0.00 ms  (average mu = 1.000, current mu = 1.000) allocation failure; 

FATAL ERROR: NewSpace::EnsureCurrentCapacity Allocation failed - JavaScript heap out of memory
----- Native stack trace -----

 1: 00007FF64757AD5F 
 2: 00007FF6481C32D7 
 3: 00007FF647FC3997 
 4: 00007FF647F84433 
 5: 00007FF647FC5D9A 
 6: 00007FF647FC53C6 
 7: 00007FF647FD6352 
 8: 00007FF647FD5E7B 
 9: 00007FF64943E7ED 
10: 00007FF647FC1460 
11: 00007FF647B799AE 
12: 00007FF647B7770C 
13: 00007FF647B7C094 
14: 00007FF647B77DE7 
15: 00007FF647B77C9A 
16: 00007FF647B74FF7 
17: 00007FF647B74F74 
18: 00007FF647B85BC5 
19: 00007FF64814377E 
20: 00007FF6481CC793 
21: 00007FF6475AA340 
22: 00007FF6475AAEF2 
23: 00007FF6475ACF76 
24: 000001CDDEE8F64D 

<--- Last few GCs --->

[59584:000002886410C000]      100 ms: Scavenge 8.7 (11.7) -> 7.9 (11.7) MB, pooled: 0 MB, 0.53 / 0.00 ms  (average mu = 1.000, current mu = 1.000) allocation failure; 
[59584:000002886410C000]      132 ms: Scavenge 9.9 (13.2) -> 9.2 (17.9) MB, pooled: 0 MB, 0.84 / 0.00 ms  (average mu = 1.000, current mu = 1.000) allocation failure; 
[59584:000002886410C000]      262 ms: Scavenge 13.1 (18.6) -> 11.1 (19.4) MB, pooled: 0 MB, 0.85 / 0.00 ms  (average mu = 1.000, current mu = 1.000) task; 

FATAL ERROR: Zone Allocation failed - process out of memory
----- Native stack trace -----

 1: 00007FF64757AD5F 
 2: 00007FF6481C32D7 
 3: 00007FF647B3E076 
 4: 00007FF6479D64F5 
 5: 00007FF647985A8E 
 6: 00007FF64797B58C 
 7: 00007FF64798A77A 
 8: 00007FF64798B1BC 
 9: 00007FF647994F23 
10: 00007FF6479C92A1 
11: 00007FF64799F1EB 
12: 00007FF647A17356 
13: 00007FF647A16070 
14: 00007FF647A13E6A 
15: 00007FF648136F0F 
16: 00007FF647A1594B 
17: 00007FF64899593F 
18: 00007FF6474CADCE 
19: 00007FF648218646 
20: 00007FF649459FB3 
21: 00007FFDC4097374 
22: 00007FFDC54DCC91 

<--- Last few GCs --->

[59944:0000021D5999E000]       23 ms: Scavenge 4.0 (6.1) -> 3.7 (6.1) MB, pooled: 0 MB, 0.69 / 0.00 ms  (average mu = 1.000, current mu = 1.000) allocation failure; 
[59944:0000021D5999E000]       53 ms: Scavenge 5.2 (7.1) -> 5.0 (7.6) MB, pooled: 0 MB, 23.38 / 0.00 ms  (average mu = 1.000, current mu = 1.000) allocation failure; 

FATAL ERROR: Committing semi space failed. Allocation failed - JavaScript heap out of memory
----- Native stack trace -----

 1: 00007FF64757AD5F 
 2: 00007FF6481C32D7 
 3: 00007FF647FC3997 
 4: 00007FF647F5C3BB 
 5: 00007FF647F8472A 
 6: 00007FF647FC5D76 
 7: 00007FF647FC53C6 
 8: 00007FF647FD6352 
 9: 00007FF647FD5E7B 
10: 00007FF64943E7ED 
11: 00007FF647FC1460 
12: 00007FF647FE7B91 
13: 00007FF647FFF4EC 
14: 00007FF647FFF485 
15: 00007FF647CE1C45 
16: 00007FF647FF6BB9 
17: 00007FF647BB7642 
18: 00007FF647BB6233 
19: 0000021D79EB733A 

<--- Last few GCs --->

[49384:0000027EF9C78000]       22 ms: Scavenge 4.0 (6.1) -> 3.7 (6.3) MB, pooled: 0 MB, 0.83 / 0.00 ms  (average mu = 1.000, current mu = 1.000) allocation failure; 

FATAL ERROR: NewSpace::EnsureCurrentCapacity Allocation failed - JavaScript heap out of memory
----- Native stack trace -----

 1: 00007FF64757AD5F 
 2: 00007FF6481C32D7 
 3: 00007FF647FC3997 
 4: 00007FF647F84433 
 5: 00007FF647FC5D9A 
 6: 00007FF647FC53C6 
 7: 00007FF647FD6352 
 8: 00007FF647FD5E7B 
 9: 00007FF64943E7ED 
10: 00007FF647FC1460 
11: 00007FF647FE6C70 
12: 00007FF647FEBAF4 
13: 00007FF6481E416F 
14: 00007FF6473969CF 
15: 00007FF6475A980D 
16: 00007FF6475A99F5 
17: 00007FF6475AAEF2 
18: 00007FF6475ACF76 
19: 0000027EC7DCF64D 

<--- Last few GCs --->

[6048:00000221FB800000]       23 ms: Scavenge 3.9 (6.1) -> 3.6 (6.3) MB, pooled: 0 MB, 1.30 / 0.00 ms  (average mu = 1.000, current mu = 1.000) allocation failure; 
[6048:00000221FB800000]       33 ms: Scavenge 5.1 (6.8) -> 4.9 (7.6) MB, pooled: 0 MB, 1.35 / 0.00 ms  (average mu = 1.000, current mu = 1.000) allocation failure; 

FATAL ERROR: Committing semi space failed. Allocation failed - JavaScript heap out of memory
----- Native stack trace -----

 1: 00007FF64757AD5F 
 2: 00007FF6481C32D7 
 3: 00007FF647FC3997 
 4: 00007FF647F5C3BB 
 5: 00007FF647F8472A 
 6: 00007FF647FC5D76 
 7: 00007FF647FC53C6 
 8: 00007FF647FD6352 
 9: 00007FF647FD5E7B 
10: 00007FF64943E7ED 
11: 00007FF647FC1460 
12: 00007FF647B799AE 
13: 00007FF647B7770C 
14: 00007FF647B7D3B6 
15: 00007FF647B783F8 
16: 00007FF647B778EE 
17: 00007FF647B7D3B6 
18: 00007FF647B783F8 
19: 00007FF647B778EE 
20: 00007FF647B7D3B6 
21: 00007FF647B783F8 
22: 00007FF647B778EE 
23: 00007FF647B7D3B6 
24: 00007FF647B783F8 
25: 00007FF647B778EE 
26: 00007FF647B7D3B6 
27: 00007FF647B783F8 
28: 00007FF647B778EE 
29: 00007FF647B7D3B6 
30: 00007FF647B783F8 
31: 00007FF647B778EE 
32: 00007FF647B7C094 
33: 00007FF647B77DE7 
34: 00007FF647B77C9A 
35: 00007FF647B74FF7 
36: 00007FF647B74F74 
37: 00007FF647B85BC5 
38: 00007FF64814377E 
39: 00007FF6481CC793 
40: 00007FF6475AA340 
41: 00007FF6475AAEF2 
42: 00007FF6475ACF76 
43: 00000221C7DCF64D 

<--- Last few GCs --->

[16068:0000028CC97B6000]       22 ms: Scavenge 3.9 (6.1) -> 3.7 (6.3) MB, pooled: 0 MB, 0.76 / 0.00 ms  (average mu = 1.000, current mu = 1.000) allocation failure; 
[16068:0000028CC97B6000]       32 ms: Scavenge 5.1 (7.1) -> 4.9 (7.3) MB, pooled: 0 MB, 0.88 / 0.00 ms  (average mu = 1.000, current mu = 1.000) allocation failure; 

FATAL ERROR: Committing semi space failed. Allocation failed - JavaScript heap out of memory
----- Native stack trace -----

 1: 00007FF64757AD5F 
 2: 00007FF6481C32D7 
 3: 00007FF647FC3997 
 4: 00007FF647F5C3BB 
 5: 00007FF647F8472A 
 6: 00007FF647FC5D76 
 7: 00007FF647FC53C6 
 8: 00007FF647FD6352 
 9: 00007FF647FD5E7B 
10: 00007FF64943E7ED 
11: 00007FF647FC1460 
12: 00007FF648045139 
13: 00007FF647BBAB12 
14: 0000028CE9AF733A 

<--- Last few GCs --->

[16348:00000298F9D3B000]       21 ms: Scavenge 3.9 (6.1) -> 3.6 (6.3) MB, pooled: 0 MB, 0.61 / 0.00 ms  (average mu = 1.000, current mu = 1.000) allocation failure; 
[16348:00000298F9D3B000]       28 ms: Scavenge 5.1 (6.8) -> 4.8 (7.3) MB, pooled: 0 MB, 0.76 / 0.00 ms  (average mu = 1.000, current mu = 1.000) allocation failure; 

FATAL ERROR: Committing semi space failed. Allocation failed - JavaScript heap out of memory
----- Native stack trace -----

 1: 00007FF64757AD5F 
 2: 00007FF6481C32D7 
 3: 00007FF647FC3997 
 4: 00007FF647F5C3BB 
 5: 00007FF647F8472A 
 6: 00007FF647FC5D76 
 7: 00007FF647FC53C6 
 8: 00007FF647FD6352 
 9: 00007FF647FD5E7B 
10: 00007FF64943E7ED 
11: 00007FF647FC1460 
12: 00007FF647B799AE 
13: 00007FF647B7770C 
14: 00007FF647B7C094 
15: 00007FF647B77DE7 
16: 00007FF647B77C9A 
17: 00007FF647B74FF7 
18: 00007FF647B74F74 
19: 00007FF647B85BC5 
20: 00007FF64814377E 
21: 00007FF6481CC793 
22: 00007FF6475AA340 
23: 00007FF6475AAEF2 
24: 00007FF6475ACF76 
25: 00000298BFDCF64D 

<--- Last few GCs --->

[46556:000002575FDC9000]       22 ms: Scavenge 3.9 (6.1) -> 3.6 (6.1) MB, pooled: 0 MB, 0.65 / 0.00 ms  (average mu = 1.000, current mu = 1.000) allocation failure; 
[46556:000002575FDC9000]       29 ms: Scavenge 5.1 (6.8) -> 4.8 (7.6) MB, pooled: 0 MB, 0.82 / 0.00 ms  (average mu = 1.000, current mu = 1.000) allocation failure; 

FATAL ERROR: Committing semi space failed. Allocation failed - JavaScript heap out of memory
----- Native stack trace -----

 1: 00007FF64757AD5F 
 2: 00007FF6481C32D7 
 3: 00007FF647FC3997 
 4: 00007FF647F5C3BB 
 5: 00007FF647F8472A 
 6: 00007FF647FC5D76 
 7: 00007FF647FC53C6 
 8: 00007FF647FD6352 
 9: 00007FF647FD5E7B 
10: 00007FF64943E7ED 
11: 00007FF647FC1460 
12: 00007FF647B799AE 
13: 00007FF647B7770C 
14: 00007FF647B7C094 
15: 00007FF647B77DE7 
16: 00007FF647B77C9A 
17: 00007FF647B74FF7 
18: 00007FF647B74F74 
19: 00007FF647B85BC5 
20: 00007FF64814377E 
21: 00007FF6481CC793 
22: 00007FF6475AA340 
23: 00007FF6475AAEF2 
24: 00007FF6475ACF76 
25: 000002571FDCF64D 

<--- Last few GCs --->

[59584:00000208B9BA7000]       21 ms: Scavenge 3.9 (6.1) -> 3.7 (6.1) MB, pooled: 0 MB, 0.65 / 0.00 ms  (average mu = 1.000, current mu = 1.000) allocation failure; 

FATAL ERROR: NewSpace::EnsureCurrentCapacity Allocation failed - JavaScript heap out of memory
----- Native stack trace -----

 1: 00007FF64757AD5F 
 2: 00007FF6481C32D7 
 3: 00007FF647FC3997 
 4: 00007FF647F84433 
 5: 00007FF647FC5D9A 
 6: 00007FF647FC53C6 
 7: 00007FF647FD6352 
 8: 00007FF647FD5E7B 
 9: 00007FF64943E7ED 
10: 00007FF647FC1460 
11: 00007FF647B799AE 
12: 00007FF647B7770C 
13: 00007FF647B7C094 
14: 00007FF647B77DE7 
15: 00007FF647B77C9A 
16: 00007FF647B74FF7 
17: 00007FF647B74F74 
18: 00007FF647B85BC5 
19: 00007FF64814377E 
20: 00007FF6481CC793 
21: 00007FF6475AA340 
22: 00007FF6475AAEF2 
23: 00007FF6475ACF76 
24: 00000208DA04F64D 

<--- Last few GCs --->

[17084:00000188FAB41000]       22 ms: Mark-Compact 2.9 (5.3) -> 2.7 (5.6) MB, pooled: 0 MB, 2.23 / 0.00 ms  (average mu = 0.890, current mu = 0.890) background allocation failure; GC in old space requested

FATAL ERROR: MarkCompactCollector: young object promotion failed Allocation failed - JavaScript heap out of memory
----- Native stack trace -----

 1: 00007FF64757AD5F 
 2: 00007FF6481C32D7 
 3: 00007FF647FC3997 
 4: 00007FF647FA32AE 
 5: 00007FF647F9896D 
 6: 00007FF647F9861C 
 7: 00007FF647F98261 
 8: 00007FF647FAA548 
 9: 00007FF64899525D 
10: 00007FF648995572 
11: 00007FF647F9B2A4 
12: 00007FF647F829CD 
13: 00007FF647F7CA44 
14: 00007FF647FC5D9A 
15: 00007FF647FC53C6 
16: 00007FF647FD6352 
17: 00007FF647FD5E7B 
18: 00007FF64943E7ED 
19: 00007FF647FC1460 
20: 00007FF647FDBCEA 
21: 00007FF647B79938 
22: 00007FF647B7770C 
23: 00007FF647B7D3B6 
24: 00007FF647B783F8 
25: 00007FF647B778EE 
26: 00007FF647B7D3B6 
27: 00007FF647B783F8 
28: 00007FF647B778EE 
29: 00007FF647B7D3B6 
30: 00007FF647B783F8 
31: 00007FF647B778EE 
32: 00007FF647B7D3B6 
33: 00007FF647B783F8 
34: 00007FF647B778EE 
35: 00007FF647B7C094 
36: 00007FF647B77DE7 
37: 00007FF647B77C9A 
38: 00007FF647B74FF7 
39: 00007FF647B74F74 
40: 00007FF647B85BC5 
41: 00007FF64814377E 
42: 00007FF6481CC793 
43: 00007FF6475AA340 
44: 00007FF6475AAEF2 
45: 00007FF6475ACF76 
46: 00000188BFDCF64D 

<--- Last few GCs --->
[56012:000001BD6093A000]       17 ms: Scavenge 3.3 (4.3) -> 2.6 (5.3) MB, pooled: 0 MB, 0.50 / 0.00 ms  (average mu = 1.000, current mu = 1.000) allocation failure; 

FATAL ERROR: NewSpace::EnsureCurrentCapacity Allocation failed - JavaScript heap out of memory
----- Native stack trace -----

 1: 00007FF64757AD5F 
 2: 00007FF6481C32D7 
 3: 00007FF647FC3997 
 4: 00007FF647F84433 
 5: 00007FF647FC5D9A 
 6: 00007FF647FC53C6 
 7: 00007FF647FD6352 
 8: 00007FF647FD5E7B 
 9: 00007FF64943E7ED 
10: 00007FF647FC1460 
11: 00007FF648045139 
12: 00007FF647BBAB12 
13: 000001BD1FE7733A 

<--- Last few GCs --->

[61012:00000296ECDB5000]       19 ms: Mark-Compact 2.9 (5.6) -> 2.7 (5.6) MB, pooled: 0 MB, 2.04 / 0.00 ms  (average mu = 0.882, current mu = 0.882) background allocation failure; GC in old space requested

FATAL ERROR: MarkCompactCollector: young object promotion failed Allocation failed - JavaScript heap out of memory
----- Native stack trace -----

 1: 00007FF64757AD5F 
 2: 00007FF6481C32D7 
 3: 00007FF647FC3997 
 4: 00007FF647FA32AE 
 5: 00007FF647F9896D 
 6: 00007FF647F9861C 
 7: 00007FF647F98261 
 8: 00007FF647FAA548 
 9: 00007FF64899525D 
10: 00007FF648995572 
11: 00007FF647F9B2A4 
12: 00007FF647F829CD 
13: 00007FF647F7CA44 
14: 00007FF647FC5D9A 
15: 00007FF647FC53C6 
16: 00007FF647FD6352 
17: 00007FF647FD5E7B 
18: 00007FF64943E7ED 
19: 00007FF647FC1460 
20: 00007FF647FDBCEA 
21: 00007FF647B79938 
22: 00007FF647B7770C 
23: 00007FF647B7D3B6 
24: 00007FF647B783F8 
25: 00007FF647B778EE 
26: 00007FF647B7D3B6 
27: 00007FF647B783F8 
28: 00007FF647B778EE 
29: 00007FF647B7D3B6 
30: 00007FF647B783F8 
31: 00007FF647B778EE 
32: 00007FF647B7C094 
33: 00007FF647B77DE7 
34: 00007FF647B77C9A 
35: 00007FF647B74FF7 
36: 00007FF647B74F74 
37: 00007FF647B85BC5 
38: 00007FF64814377E 
39: 00007FF6481CC793 
40: 00007FF6475AA340 
41: 00007FF6475AAEF2 
42: 00007FF6475ACF76 
43: 000002969FDCF64D 

<--- Last few GCs --->

[51764:0000026D846A8000]      173 ms: Scavenge 8.7 (11.7) -> 7.8 (11.7) MB, pooled: 0 MB, 0.70 / 0.00 ms  (average mu = 1.000, current mu = 1.000) allocation failure; 
[51764:0000026D846A8000]      211 ms: Scavenge 9.9 (13.4) -> 9.2 (17.9) MB, pooled: 0 MB, 1.11 / 0.00 ms  (average mu = 1.000, current mu = 1.000) allocation failure; 
[51764:0000026D846A8000]      355 ms: Scavenge 13.1 (18.4) -> 11.2 (19.4) MB, pooled: 0 MB, 0.75 / 0.00 ms  (average mu = 1.000, current mu = 1.000) task; 

FATAL ERROR: Zone Allocation failed - process out of memory
----- Native stack trace -----

 1: 00007FF64757AD5F 
 2: 00007FF6481C32D7 
 3: 00007FF647B3E076 
 4: 00007FF6479EFA06 
 5: 00007FF64796E0B0 
 6: 00007FF6479798FD 
 7: 00007FF64797C989 
 8: 00007FF6479C9227 
 9: 00007FF64799F1EB 
10: 00007FF647A17356 
11: 00007FF647A16070 
12: 00007FF647A13E6A 
13: 00007FF648136F0F 
14: 00007FF647A1594B 
15: 00007FF64899593F 
16: 00007FF6474CADCE 
17: 00007FF648218646 
18: 00007FF649459FB3 
19: 00007FFDC4097374 
20: 00007FFDC54DCC91 

<--- Last few GCs --->

[5916:000001EAF6708000]       94 ms: Scavenge 8.7 (11.7) -> 7.8 (11.7) MB, pooled: 0 MB, 0.66 / 0.00 ms  (average mu = 1.000, current mu = 1.000) allocation failure; 
[5916:000001EAF6708000]      141 ms: Scavenge 9.9 (13.4) -> 9.2 (17.9) MB, pooled: 0 MB, 1.07 / 0.00 ms  (average mu = 1.000, current mu = 1.000) allocation failure; 
[5916:000001EAF6708000]      281 ms: Scavenge 13.1 (18.6) -> 11.1 (19.4) MB, pooled: 0 MB, 1.10 / 0.00 ms  (average mu = 1.000, current mu = 1.000) task; 

FATAL ERROR: Zone Allocation failed - process out of memory
----- Native stack trace -----


<--- Last few GCs --->

[57524:00000295688D6000]      114 ms: Scavenge 8.8 (11.7) -> 8.0 (12.2) MB, pooled: 0 MB, 0.78 / 0.00 ms  (average mu = 1.000, current mu = 1.000) allocation failure; 
[57524:00000295688D6000]      152 ms: Scavenge 10.0 (12.9) -> 9.2 (17.4) MB, pooled: 0 MB, 1.01 / 0.00 ms  (average mu = 1.000, current mu = 1.000) allocation failure; 
[57524:00000295688D6000]      284 ms: Scavenge 13.0 (18.4) -> 11.3 (19.2) MB, pooled: 0 MB, 0.98 / 0.00 ms  (average mu = 1.000, current mu = 1.000) task; 

FATAL ERROR: Zone Allocation failed - process out of memory
----- Native stack trace -----

 1: 00007FF64757AD5F 
 2: 00007FF6481C32D7 
 3: 00007FF647B3E076 
 4: 00007FF647967BF6 
 5: 00007FF647967BC8 
 6: 00007FF647967BB6 
 7: 00007FF6479681B3 
 8: 00007FF647967F61 
 9: 00007FF647962454 
10: 00007FF64796A50E 
11: 00007FF64796A283 
12: 00007FF6479CCBD7 
13: 00007FF6479CD4F3 
14: 00007FF6479CC167 
15: 00007FF6479C9643 
16: 00007FF6479C8673 
17: 00007FF6479C845B 
18: 00007FF64799F278 
19: 00007FF647A17356 
20: 00007FF647A16070 
21: 00007FF647A13E6A 
22: 00007FF648136F0F 
23: 00007FF647A1594B 
24: 00007FF64899593F 
25: 00007FF6474CADCE 
26: 00007FF648218646 
27: 00007FF649459FB3 
28: 00007FFDC4097374 
29: 00007FFDC54DCC91 

<--- Last few GCs --->

[46348:000001BD4206B000]      100 ms: Scavenge 8.7 (11.9) -> 7.8 (11.9) MB, pooled: 0 MB, 0.75 / 0.00 ms  (average mu = 1.000, current mu = 1.000) allocation failure; 
[46348:000001BD4206B000]      146 ms: Scavenge 9.9 (13.2) -> 9.2 (17.9) MB, pooled: 0 MB, 0.89 / 0.00 ms  (average mu = 1.000, current mu = 1.000) allocation failure; 
[46348:000001BD4206B000]      283 ms: Scavenge 13.1 (18.6) -> 11.1 (19.2) MB, pooled: 0 MB, 3.06 / 0.00 ms  (average mu = 1.000, current mu = 1.000) task; 

FATAL ERROR: MarkCompactCollector: young object promotion failed Allocation failed - JavaScript heap out of memory
----- Native stack trace -----

 1: 00007FF64757AD5F 
 2: 00007FF6481C32D7 
 3: 00007FF647FC3997 
 4: 00007FF647FA32AE 
 5: 00007FF647F9896D 
 6: 00007FF647F9861C 
 7: 00007FF647F98261 
 8: 00007FF647FAA548 
 9: 00007FF64899525D 
10: 00007FF648995572 
11: 00007FF647F9B2A4 
12: 00007FF647F829CD 
13: 00007FF647F7CA44 
14: 00007FF647FC5D9A 
15: 00007FF647FC53C6 
16: 00007FF647FD6352 
17: 00007FF647FD5E7B 
18: 00007FF64943E7ED 
19: 00007FF647FC1460 
20: 00007FF648045139 
21: 00007FF647BBAEB8 
22: 000001BD7A03733A 

<--- Last few GCs --->

[42172:0000018DDF5F9000]       91 ms: Scavenge 8.7 (11.9) -> 7.8 (11.9) MB, pooled: 0 MB, 0.68 / 0.00 ms  (average mu = 1.000, current mu = 1.000) allocation failure; 
[42172:0000018DDF5F9000]      133 ms: Scavenge 9.9 (13.4) -> 9.2 (17.9) MB, pooled: 0 MB, 1.02 / 0.00 ms  (average mu = 1.000, current mu = 1.000) allocation failure; 
[42172:0000018DDF5F9000]      290 ms: Scavenge 13.1 (18.6) -> 11.1 (18.9) MB, pooled: 0 MB, 0.78 / 0.00 ms  (average mu = 1.000, current mu = 1.000) task; 

FATAL ERROR: Zone Allocation failed - process out of memory
----- Native stack trace -----


<--- Last few GCs --->

[42172:0000018DDF5F9000]       91 ms: Scavenge 8.7 (11.9) -> 7.8 (11.9) MB, pooled: 0 MB, 0.68 / 0.00 ms  (average mu = 1.000, current mu = 1.000) allocation failure; 
[42172:0000018DDF5F9000]      133 ms: Scavenge 9.9 (13.4) -> 9.2 (17.9) MB, pooled: 0 MB, 1.02 / 0.00 ms  (average mu = 1.000, current mu = 1.000) allocation failure; 
[42172:0000018DDF5F9000]      290 ms: Scavenge 13.1 (18.6) -> 11.1 (18.9) MB, pooled: 0 MB, 0.78 / 0.00 ms  (average mu = 1.000, current mu = 1.000) task; 

FATAL ERROR: Zone Allocation failed - process out of memory
----- Native stack trace -----

 1: 00007FF64757AD5F 
 2: 00007FF6481C32D7 
 3: 00007FF647B3E076 
 4: 00007FF647950CF3 
 5: 00007FF647A5002D 
 6: 00007FF647A38740 
 7: 00007FF647A36C67 
 8: 00007FF647A16E55 
 9: 00007FF647A13E6A 
10: 00007FF648136F0F 
11: 00007FF647A1594B 
12: 00007FF64899593F 
13: 00007FF6474CADCE 
14: 00007FF648218646 
15: 00007FF649459FB3 
16: 00007FFDC4097374 
17: 00007FFDC54DCC91 

<--- Last few GCs --->

[59716:000002139E2B0000]      102 ms: Scavenge 8.7 (11.7) -> 7.8 (11.7) MB, pooled: 0 MB, 0.68 / 0.00 ms  (average mu = 1.000, current mu = 1.000) allocation failure; 
[59716:000002139E2B0000]      152 ms: Scavenge 9.9 (13.4) -> 9.3 (17.9) MB, pooled: 0 MB, 1.03 / 0.00 ms  (average mu = 1.000, current mu = 1.000) allocation failure; 
[59716:000002139E2B0000]      285 ms: Scavenge 13.1 (18.6) -> 11.1 (19.2) MB, pooled: 0 MB, 0.72 / 0.00 ms  (average mu = 1.000, current mu = 1.000) task; 

FATAL ERROR: NewSpace::EnsureCurrentCapacity Allocation failed - JavaScript heap out of memory
----- Native stack trace -----

 1: 00007FF64757AD5F 
 2: 00007FF6481C32D7 
 3: 00007FF647FC3997 
 4: 00007FF647F84433 
 5: 00007FF647FC5D9A 
 6: 00007FF647FC53C6 
 7: 00007FF647FD6352 
 8: 00007FF647FD5E7B 
 9: 00007FF64943E7ED 
10: 00007FF647FC1460 
11: 00007FF648045139 
12: 00007FF647BBAEB8 
13: 00000213D69B733A 

<--- Last few GCs --->

[59360:000001F130B0C000]      102 ms: Scavenge 8.7 (11.7) -> 7.8 (11.7) MB, pooled: 0 MB, 0.71 / 0.00 ms  (average mu = 1.000, current mu = 1.000) allocation failure; 
[59360:000001F130B0C000]      145 ms: Scavenge 9.9 (13.4) -> 9.2 (17.9) MB, pooled: 0 MB, 1.05 / 0.00 ms  (average mu = 1.000, current mu = 1.000) allocation failure; 
[59360:000001F130B0C000]      288 ms: Scavenge 13.1 (18.6) -> 11.1 (19.2) MB, pooled: 0 MB, 0.76 / 0.00 ms  (average mu = 1.000, current mu = 1.000) task; 

FATAL ERROR: Zone Allocation failed - process out of memory
----- Native stack trace -----

 1: 00007FF64757AD5F 
 2: 00007FF6481C32D7 
 3: 00007FF647B3E076 
 4: 00007FF647968132 
 5: 00007FF6479680F2 
 6: 00007FF6479680F2 
 7: 00007FF6479680F2 
 8: 00007FF647967FF3 
 9: 00007FF647967F3D 
10: 00007FF647962454 
11: 00007FF64796A50E 
12: 00007FF64796A283 
13: 00007FF6479CD7B4 
14: 00007FF6479CD3E7 
15: 00007FF6479CC167 
16: 00007FF6479C9643 
17: 00007FF64799F1EB 
18: 00007FF647A17356 
19: 00007FF647A16070 
20: 00007FF647A13E6A 
21: 00007FF648136F0F 
22: 00007FF647A1594B 
23: 00007FF64899593F 
24: 00007FF6474CADCE 
25: 00007FF648218646 
26: 00007FF649459FB3 
27: 00007FFDC4097374 
28: 00007FFDC54DCC91 

<--- Last few GCs --->

[46748:00000238FF2E6000]       17 ms: Scavenge 3.9 (6.1) -> 3.6 (6.1) MB, pooled: 0 MB, 0.58 / 0.00 ms  (average mu = 1.000, current mu = 1.000) allocation failure; 
[46748:00000238FF2E6000]       25 ms: Scavenge 5.2 (7.1) -> 4.9 (9.6) MB, pooled: 0 MB, 0.75 / 0.00 ms  (average mu = 1.000, current mu = 1.000) allocation failure; 

FATAL ERROR: MarkCompactCollector: young object promotion failed Allocation failed - JavaScript heap out of memory
----- Native stack trace -----

 1: 00007FF64757AD5F 
 2: 00007FF6481C32D7 
 3: 00007FF647FC3997 
 4: 00007FF647FA32AE 
 5: 00007FF647F9896D 
 6: 00007FF647F9861C 
 7: 00007FF647F98261 
 8: 00007FF647FAA548 
 9: 00007FF64899525D 
10: 00007FF648995572 
11: 00007FF647F9B2A4 
12: 00007FF647F829CD 
13: 00007FF647F7CA44 
14: 00007FF647FC5D9A 
15: 00007FF647FC53C6 
16: 00007FF647FD6352 
17: 00007FF647FD5E7B 
18: 00007FF64943E7ED 
19: 00007FF647FC1460 
20: 00007FF647FE7BC6 
21: 00007FF647FFEF1E 
22: 00007FF647D0AA80 
23: 00007FF647D6A4EA 
24: 00007FF647D69C70 
25: 00007FF647D68F1D 
26: 00007FF647D68C84 
27: 00007FF647D68717 
28: 00007FF647D68488 
29: 00007FF6481775A6 
30: 00000238C7E7727A 

<--- Last few GCs --->

[49648:000002366C22A000]       95 ms: Scavenge 8.7 (11.7) -> 7.8 (11.7) MB, pooled: 0 MB, 0.73 / 0.00 ms  (average mu = 1.000, current mu = 1.000) allocation failure; 
[49648:000002366C22A000]      136 ms: Scavenge 9.9 (13.4) -> 9.2 (17.9) MB, pooled: 0 MB, 0.87 / 0.00 ms  (average mu = 1.000, current mu = 1.000) allocation failure; 
[49648:000002366C22A000]      282 ms: Scavenge 13.1 (18.6) -> 11.1 (19.2) MB, pooled: 0 MB, 1.62 / 0.00 ms  (average mu = 1.000, current mu = 1.000) task; 

FATAL ERROR: Zone Allocation failed - process out of memory
----- Native stack trace -----


<--- Last few GCs --->

[49648:000002366C22A000]       95 ms: Scavenge 8.7 (11.7) -> 7.8 (11.7) MB, pooled: 0 MB, 0.73 / 0.00 ms  (average mu = 1.000, current mu = 1.000) allocation failure; 
[49648:000002366C22A000]      136 ms: Scavenge 9.9 (13.4) -> 9.2 (17.9) MB, pooled: 0 MB, 0.87 / 0.00 ms  (average mu = 1.000, current mu = 1.000) allocation failure; 
[49648:000002366C22A000]      282 ms: Scavenge 13.1 (18.6) -> 11.1 (19.2) MB, pooled: 0 MB, 1.62 / 0.00 ms  (average mu = 1.000, current mu = 1.000) task; 

FATAL ERROR: Zone Allocation failed - process out of memory
----- Native stack trace -----

 1: 00007FF64757AD5F 
 2: 00007FF6481C32D7 
 3: 00007FF647B3E076 
 4: 00007FF647967BF6 
 5: 00007FF647967BB6 
 6: 00007FF647967BB6 
 7: 00007FF6479681B3 
 8: 00007FF647967F61 
 9: 00007FF647962454 
10: 00007FF64796A50E 
11: 00007FF64796A283 
12: 00007FF6479CCBD7 
13: 00007FF6479CD4F3 
14: 00007FF6479CC08E 
15: 00007FF6479C99C3 
16: 00007FF6479C8673 
17: 00007FF6479C845B 
18: 00007FF64799F278 
19: 00007FF647A17356 
20: 00007FF647A16070 
21: 00007FF647A13E6A 
22: 00007FF648136F0F 
23: 00007FF647A1594B 
24: 00007FF64899593F 
25: 00007FF6474CADCE 
26: 00007FF648218646 
27: 00007FF649459FB3 
28: 00007FFDC4097374 
29: 00007FFDC54DCC91 

<--- Last few GCs --->

[61096:0000022526DBB000]       95 ms: Scavenge 8.7 (11.7) -> 7.9 (11.7) MB, pooled: 0 MB, 0.68 / 0.00 ms  (average mu = 1.000, current mu = 1.000) allocation failure; 
[61096:0000022526DBB000]      134 ms: Scavenge 9.9 (13.4) -> 9.2 (17.9) MB, pooled: 0 MB, 0.91 / 0.00 ms  (average mu = 1.000, current mu = 1.000) allocation failure; 
[61096:0000022526DBB000]      278 ms: Scavenge 13.1 (18.6) -> 11.1 (19.2) MB, pooled: 0 MB, 1.03 / 0.00 ms  (average mu = 1.000, current mu = 1.000) task; 

FATAL ERROR: Zone Allocation failed - process out of memory
----- Native stack trace -----

 1: 00007FF64757AD5F 
 2: 00007FF6481C32D7 
 3: 00007FF647B3E076 
 4: 00007FF647967CEB 
 5: 00007FF6479678A2 
 6: 00007FF6479678DB 
 7: 00007FF6479677C3 
 8: 00007FF647967F16 
 9: 00007FF647962454 
10: 00007FF64796A50E 
11: 00007FF64796A283 
12: 00007FF6479CCBD7 
13: 00007FF6479CD4F3 
14: 00007FF6479CC167 
15: 00007FF6479C9643 
16: 00007FF6479C8673 
17: 00007FF6479C845B 
18: 00007FF64799F278 
19: 00007FF647A17356 
20: 00007FF647A16070 
21: 00007FF647A13E6A 
22: 00007FF648136F0F 
23: 00007FF647A1594B 
24: 00007FF64899593F 
25: 00007FF6474CADCE 
26: 00007FF648218646 
27: 00007FF649459FB3 
28: 00007FFDC4097374 
29: 00007FFDC54DCC91 

<--- Last few GCs --->

[8900:0000024B63B29000]       96 ms: Scavenge 8.8 (11.7) -> 8.0 (12.2) MB, pooled: 0 MB, 0.76 / 0.00 ms  (average mu = 1.000, current mu = 1.000) allocation failure; 
[8900:0000024B63B29000]      130 ms: Scavenge 10.0 (13.2) -> 9.2 (17.4) MB, pooled: 0 MB, 0.83 / 0.00 ms  (average mu = 1.000, current mu = 1.000) allocation failure; 
[8900:0000024B63B29000]      252 ms: Scavenge 13.0 (18.1) -> 11.2 (18.4) MB, pooled: 0 MB, 17.82 / 0.00 ms  (average mu = 1.000, current mu = 1.000) task; 

FATAL ERROR: Zone Allocation failed - process out of memory
----- Native stack trace -----

 1: 00007FF64757AD5F 
 2: 00007FF6481C32D7 
 3: 00007FF647B3E076 
 4: 00007FF6479D876F 
 5: 00007FF6479E0787 
 6: 00007FF647986994 
 7: 00007FF6479AC432 
 8: 00007FF6479AC012 
 9: 00007FF6479B1F26 
10: 00007FF64798852E 
11: 00007FF6479A3D12 
12: 00007FF6479B53D6 
13: 00007FF6479B61D7 
14: 00007FF6479CA5AA 
15: 00007FF64799F1EB 
16: 00007FF647A17356 
17: 00007FF647A16070 
18: 00007FF647A13E6A 
19: 00007FF648136F0F 
20: 00007FF647A1594B 
21: 00007FF64899593F 
22: 00007FF6474CADCE 
23: 00007FF648218646 
24: 00007FF649459FB3 
25: 00007FFDC4097374 
26: 00007FFDC54DCC91 

<--- Last few GCs --->

[55048:0000024A955EA000]       98 ms: Scavenge 8.7 (11.9) -> 7.8 (11.9) MB, pooled: 0 MB, 0.69 / 0.00 ms  (average mu = 1.000, current mu = 1.000) allocation failure; 
[55048:0000024A955EA000]      147 ms: Scavenge 9.9 (13.7) -> 9.2 (18.2) MB, pooled: 0 MB, 1.05 / 0.00 ms  (average mu = 1.000, current mu = 1.000) allocation failure; 
[55048:0000024A955EA000]      253 ms: Scavenge 13.0 (18.9) -> 11.1 (19.4) MB, pooled: 0 MB, 0.64 / 0.00 ms  (average mu = 1.000, current mu = 1.000) task; 

FATAL ERROR: Zone Allocation failed - process out of memory
----- Native stack trace -----

 1: 00007FF64757AD5F 
 2: 00007FF6481C32D7 
 3: 00007FF647B3E076 
 4: 00007FF647967BF6 
 5: 00007FF647967BC8 
 6: 00007FF647967BB6 
 7: 00007FF6479681B3 
 8: 00007FF647967F61 
 9: 00007FF647962454 
10: 00007FF64796A50E 
11: 00007FF64796A283 
12: 00007FF6479CCBD7 
13: 00007FF6479CD4F3 
14: 00007FF6479CC167 
15: 00007FF6479C9643 
16: 00007FF6479C8673 
17: 00007FF6479C845B 
18: 00007FF64799F278 
19: 00007FF647A17356 
20: 00007FF647A16070 
21: 00007FF647A13E6A 
22: 00007FF648136F0F 
23: 00007FF647A1594B 
24: 00007FF64899593F 
25: 00007FF6474CADCE 
26: 00007FF648218646 
27: 00007FF649459FB3 
28: 00007FFDC4097374 
29: 00007FFDC54DCC91 

<--- Last few GCs --->

[60852:00000239FD4A8000]       20 ms: Scavenge 3.9 (6.1) -> 3.6 (6.1) MB, pooled: 0 MB, 0.60 / 0.00 ms  (average mu = 1.000, current mu = 1.000) allocation failure; 
[60852:00000239FD4A8000]       28 ms: Scavenge 5.2 (7.1) -> 4.9 (7.6) MB, pooled: 1 MB, 0.92 / 0.00 ms  (average mu = 1.000, current mu = 1.000) allocation failure; 

FATAL ERROR: Committing semi space failed. Allocation failed - JavaScript heap out of memory
----- Native stack trace -----

 1: 00007FF64757AD5F 
 2: 00007FF6481C32D7 
 3: 00007FF647FC3997 
 4: 00007FF647F5C3BB 
 5: 00007FF647F8472A 
 6: 00007FF647FC5D76 
 7: 00007FF647FC53C6 
 8: 00007FF647FD6352 
 9: 00007FF647FD5E7B 
10: 00007FF64943E7ED 
11: 00007FF647FC1460 
12: 00007FF647B799AE 
13: 00007FF647B7770C 
14: 00007FF647B7C094 
15: 00007FF647B77DE7 
16: 00007FF647B77C9A 
17: 00007FF647B74FF7 
18: 00007FF647B74F74 
19: 00007FF647B85BC5 
20: 00007FF64814377E 
21: 00007FF6481CC793 
22: 00007FF6475AA340 
23: 00007FF6475AAEF2 
24: 00007FF6475ACF76 
25: 00000239BFDCF64D 

<--- Last few GCs --->

[59828:00000243F6169000]       21 ms: Scavenge 4.0 (6.1) -> 3.6 (6.3) MB, pooled: 0 MB, 0.61 / 0.00 ms  (average mu = 1.000, current mu = 1.000) allocation failure; 
[59828:00000243F6169000]       29 ms: Scavenge 5.2 (7.1) -> 5.0 (7.6) MB, pooled: 0 MB, 0.73 / 0.00 ms  (average mu = 1.000, current mu = 1.000) allocation failure; 

FATAL ERROR: Committing semi space failed. Allocation failed - JavaScript heap out of memory
----- Native stack trace -----

 1: 00007FF64757AD5F 
 2: 00007FF6481C32D7 
 3: 00007FF647FC3997 
 4: 00007FF647F5C3BB 
 5: 00007FF647F8472A 
 6: 00007FF647FC5D76 
 7: 00007FF647FC53C6 
 8: 00007FF647FD6352 
 9: 00007FF647FD5E7B 
10: 00007FF64943E7ED 
11: 00007FF647FC1460 
12: 00007FF647FE7BC6 
13: 00007FF648000C41 
14: 00007FF647FFB8D6 
15: 00007FF647FFB7FB 
16: 00007FF647BCB8EB 
17: 00007FF647D6026D 
18: 00007FF647D601A9 
19: 00007FF647BB690B 
20: 000002439FE7733A 

<--- Last few GCs --->

[56780:00000214EA9C1000]       23 ms: Scavenge 4.0 (6.1) -> 3.7 (6.3) MB, pooled: 0 MB, 0.66 / 0.00 ms  (average mu = 1.000, current mu = 1.000) allocation failure; 
[56780:00000214EA9C1000]       30 ms: Scavenge 5.1 (6.8) -> 4.9 (7.6) MB, pooled: 0 MB, 0.77 / 0.00 ms  (average mu = 1.000, current mu = 1.000) allocation failure; 

FATAL ERROR: Committing semi space failed. Allocation failed - JavaScript heap out of memory
----- Native stack trace -----

 1: 00007FF64757AD5F 
 2: 00007FF6481C32D7 
 3: 00007FF647FC3997 
 4: 00007FF647F5C3BB 
 5: 00007FF647F8472A 
 6: 00007FF647FC5D76 
 7: 00007FF647FC53C6 
 8: 00007FF647FD6352 
 9: 00007FF647FD5E7B 
10: 00007FF64943E7ED 
11: 00007FF647FC1460 
12: 00007FF647FE7BC6 
13: 00007FF648000C41 
14: 00007FF647FFB8D6 
15: 00007FF647FFB7FB 
16: 00007FF647BCB8EB 
17: 00007FF647D6026D 
18: 00007FF647D601A9 
19: 00007FF647BB690B 
20: 00000214BFE7733A 

<--- Last few GCs --->

[57016:0000020DE28F0000]       23 ms: Scavenge 3.9 (6.1) -> 3.7 (6.3) MB, pooled: 0 MB, 0.91 / 0.00 ms  (average mu = 1.000, current mu = 1.000) allocation failure; 
[57016:0000020DE28F0000]       48 ms: Scavenge 5.1 (7.1) -> 4.9 (7.3) MB, pooled: 0 MB, 15.61 / 0.00 ms  (average mu = 1.000, current mu = 1.000) allocation failure; 

FATAL ERROR: Committing semi space failed. Allocation failed - JavaScript heap out of memory
----- Native stack trace -----

 1: 00007FF64757AD5F 
 2: 00007FF6481C32D7 
 3: 00007FF647FC3997 
 4: 00007FF647F5C3BB 
 5: 00007FF647F8472A 
 6: 00007FF647FC5D76 
 7: 00007FF647FC53C6 
 8: 00007FF647FD6352 
 9: 00007FF647FD5E7B 
10: 00007FF64943E7ED 
11: 00007FF647FC1460 
12: 00007FF647FE7B91 
13: 00007FF648008543 
14: 00007FF647D8FB57 
15: 00007FF6481A4324 
16: 00007FF647CEA37E 
17: 00007FF647CE9808 
18: 00007FF647CE8DF5 
19: 00007FF647D6919F 
20: 00007FF647D68D6A 
21: 00007FF647D68C84 
22: 00007FF647D68717 
23: 00007FF648176CAF 
24: 0000020DBFE7727A 

<--- Last few GCs --->

[56552:0000014A7685D000]       23 ms: Scavenge 3.9 (6.1) -> 3.6 (6.1) MB, pooled: 0 MB, 0.70 / 0.00 ms  (average mu = 1.000, current mu = 1.000) allocation failure; 
[56552:0000014A7685D000]       30 ms: Scavenge 5.1 (7.1) -> 4.9 (7.6) MB, pooled: 0 MB, 0.75 / 0.00 ms  (average mu = 1.000, current mu = 1.000) allocation failure; 

FATAL ERROR: Committing semi space failed. Allocation failed - JavaScript heap out of memory
----- Native stack trace -----

 1: 00007FF64757AD5F 
 2: 00007FF6481C32D7 
 3: 00007FF647FC3997 
 4: 00007FF647F5C3BB 
 5: 00007FF647F8472A 
 6: 00007FF647FC5D76 
 7: 00007FF647FC53C6 
 8: 00007FF647FD6352 
 9: 00007FF647FD5E7B 
10: 00007FF64943E7ED 
11: 00007FF647FC1460 
12: 00007FF647B799AE 
13: 00007FF647B7770C 
14: 00007FF647B7C094 
15: 00007FF647B77DE7 
16: 00007FF647B77C9A 
17: 00007FF647B74FF7 
18: 00007FF647B74F74 
19: 00007FF647B85BC5 
20: 00007FF64814377E 
21: 00007FF6481CC793 
22: 00007FF6475AA340 
23: 00007FF6475AAEF2 
24: 00007FF6475ACF76 
25: 0000014A3FDCF64D 


#
# Fatal process out of memory: Re-embedded builtins: set permissions
#
----- Native stack trace -----

 1: 00007FF6474CEF0D 
 2: 00007FF648921D66 
 3: 00007FF6481C32B6 
 4: 00007FF64802A22E 
 5: 00007FF64805D80F 
 6: 00007FF64805E2C2 
 7: 00007FF64805ECA2 
 8: 00007FF647B5C263 
 9: 00007FF6481EE496 
10: 00007FF647688C5D 
11: 00007FF6473E5B84 
12: 00007FF6473E4F19 
13: 00007FF6473EEC30 
14: 00007FF648218646 
15: 00007FF649459FB3 
16: 00007FFDC4097374 BaseThreadInitThunk+20
17: 00007FFDC54DCC91 RtlUserThreadStart+33


#
# Fatal process out of memory: Re-embedded builtins: set permissions
#
----- Native stack trace -----

 1: 00007FF6474CEF0D 
 2: 00007FF648921D66 
 3: 00007FF6481C32B6 
 4: 00007FF64802A22E 
 5: 00007FF64805D80F 
 6: 00007FF64805E2C2 
 7: 00007FF64805ECA2 
 8: 00007FF647B5C263 
 9: 00007FF6481EE496 
10: 00007FF647688C5D 
11: 00007FF6473E5B84 
12: 00007FF6473E4F19 
13: 00007FF6473EEC30 
14: 00007FF648218646 
15: 00007FF649459FB3 
16: 00007FFDC4097374 BaseThreadInitThunk+20
17: 00007FFDC54DCC91 RtlUserThreadStart+33

<--- Last few GCs --->

[55956:0000022A8B7C9000]       51 ms: Scavenge 6.4 (9.0) -> 5.5 (10.6) MB, pooled: 0 MB, 0.65 / 0.00 ms  (average mu = 1.000, current mu = 1.000) allocation failure; 
[55956:0000022A8B7C9000]      102 ms: Scavenge 8.7 (11.9) -> 7.8 (11.9) MB, pooled: 0 MB, 0.67 / 0.00 ms  (average mu = 1.000, current mu = 1.000) allocation failure; 
[55956:0000022A8B7C9000]      145 ms: Scavenge 9.9 (13.7) -> 9.2 (14.2) MB, pooled: 3 MB, 1.51 / 0.00 ms  (average mu = 1.000, current mu = 1.000) allocation failure; 

FATAL ERROR: Zone Allocation failed - process out of memory
----- Native stack trace -----

 1: 00007FF64757AD5F 
 2: 00007FF6481C32D7 
 3: 00007FF647B3E076 
 4: 00007FF64894E7A5 
 5: 00007FF64894EFAB 
 6: 00007FF64796BFD1 
 7: 00007FF647A15F63 
 8: 00007FF647A13E6A 
 9: 00007FF648136F0F 
10: 00007FF647A1594B 
11: 00007FF64899593F 
12: 00007FF6474CADCE 
13: 00007FF648218646 
14: 00007FF649459FB3 
15: 00007FFDC4097374 
16: 00007FFDC54DCC91 

<--- Last few GCs --->

FATAL ERROR: Committing semi space failed. Allocation failed - JavaScript heap out of memory
----- Native stack trace -----

 1: 00007FF64757AD5F 
 2: 00007FF6481C32D7 
 3: 00007FF647FC3997 
 4: 00007FF647F5C3BB 
 5: 00007FF647F33E0E 
 6: 00007FF647FC6432 
 7: 00007FF647FC53E7 
 8: 00007FF647FD6352 
 9: 00007FF647FD5E7B 
10: 00007FF64943E7ED 
11: 00007FF647FC1460 
12: 00007FF647FDBCEA 
13: 00007FF647FE8186 
14: 00007FF647BBB1E7 
15: 000001FDCFE7733A 

<--- Last few GCs --->

FATAL ERROR: Committing semi space failed. Allocation failed - JavaScript heap out of memory
----- Native stack trace -----

 1: 00007FF64757AD5F 
 2: 00007FF6481C32D7 
 3: 00007FF647FC3997 
 4: 00007FF647F5C3BB 
 5: 00007FF647F33E0E 
 6: 00007FF647FC6432 
 7: 00007FF647FC53E7 
 8: 00007FF647FD6352 
 9: 00007FF647FD5E7B 
10: 00007FF64943E7ED 
11: 00007FF647FC1460 
12: 00007FF647FDBCEA 
13: 00007FF647FE8186 
14: 00007FF647BBB1E7 
15: 000002BBBFE7733A 

<--- Last few GCs --->

[50216:000002C47B84D000]       22 ms: Scavenge 4.0 (6.1) -> 3.7 (6.3) MB, pooled: 0 MB, 0.69 / 0.00 ms  (average mu = 1.000, current mu = 1.000) allocation failure; 

FATAL ERROR: MarkCompactCollector: young object promotion failed Allocation failed - JavaScript heap out of memory
----- Native stack trace -----

 1: 00007FF64757AD5F 
 2: 00007FF6481C32D7 
 3: 00007FF647FC3997 
 4: 00007FF647FA32AE 
 5: 00007FF647F9896D 
 6: 00007FF647F9861C 
 7: 00007FF647F98261 
 8: 00007FF647FAA758 
 9: 00007FF64899593F 
10: 00007FF6474CADCE 
11: 00007FF648218646 
12: 00007FF649459FB3 
13: 00007FFDC4097374 
14: 00007FFDC54DCC91 

<--- Last few GCs --->

[10048:000001237F8E1000]       22 ms: Scavenge 3.9 (6.1) -> 3.7 (6.3) MB, pooled: 0 MB, 0.63 / 0.00 ms  (average mu = 1.000, current mu = 1.000) allocation failure; 
[10048:000001237F8E1000]       30 ms: Scavenge 5.1 (6.8) -> 4.8 (7.6) MB, pooled: 0 MB, 1.44 / 0.00 ms  (average mu = 1.000, current mu = 1.000) allocation failure; 

FATAL ERROR: Committing semi space failed. Allocation failed - JavaScript heap out of memory
----- Native stack trace -----

 1: 00007FF64757AD5F 
 2: 00007FF6481C32D7 
 3: 00007FF647FC3997 
 4: 00007FF647F5C3BB 
 5: 00007FF647F8472A 
 6: 00007FF647FC5D76 
 7: 00007FF647FC53C6 
 8: 00007FF647FD6352 
 9: 00007FF647FD5E7B 
10: 00007FF64943E7ED 
11: 00007FF647FC1460 
12: 00007FF647FE6C70 
13: 00007FF647FEBAF4 
14: 00007FF6481E416F 
15: 00007FF6473969CF 
16: 00007FF6475A980D 
17: 00007FF6475A99F5 
18: 00007FF6475AAEF2 
19: 00007FF6475ACF76 
20: 000001234FDCF64D 

<--- Last few GCs --->

[60648:000002297D591000]       24 ms: Scavenge 3.9 (6.1) -> 3.6 (6.3) MB, pooled: 0 MB, 0.75 / 0.00 ms  (average mu = 1.000, current mu = 1.000) allocation failure; 
[60648:000002297D591000]       34 ms: Scavenge 5.2 (7.1) -> 5.0 (7.6) MB, pooled: 0 MB, 0.88 / 0.00 ms  (average mu = 1.000, current mu = 1.000) allocation failure; 

FATAL ERROR: Committing semi space failed. Allocation failed - JavaScript heap out of memory
----- Native stack trace -----

 1: 00007FF64757AD5F 
 2: 00007FF6481C32D7 
 3: 00007FF647FC3997 
 4: 00007FF647F5C3BB 
 5: 00007FF647F8472A 
 6: 00007FF647FC5D76 
 7: 00007FF647FC53C6 
 8: 00007FF647FD6352 
 9: 00007FF647FD5E7B 
10: 00007FF64943E7ED 
11: 00007FF647FC1460 
12: 00007FF647FE7B91 
13: 00007FF647FFF4EC 
14: 00007FF647FFF485 
15: 00007FF647CE0D2E 
16: 00007FF647CE129D 
17: 00007FF647CE196B 
18: 00007FF647BAF8D3 
19: 0000022957E7733A 

<--- Last few GCs --->

[36632:000001E2D93E1000]       21 ms: Scavenge 3.9 (6.1) -> 3.6 (6.3) MB, pooled: 0 MB, 0.69 / 0.00 ms  (average mu = 1.000, current mu = 1.000) allocation failure; 
[36632:000001E2D93E1000]       29 ms: Scavenge 5.1 (6.8) -> 4.9 (7.6) MB, pooled: 0 MB, 1.07 / 0.00 ms  (average mu = 1.000, current mu = 1.000) allocation failure; 

FATAL ERROR: Committing semi space failed. Allocation failed - JavaScript heap out of memory
----- Native stack trace -----

 1: 00007FF64757AD5F 
 2: 00007FF6481C32D7 
 3: 00007FF647FC3997 
 4: 00007FF647F5C3BB 
 5: 00007FF647F8472A 
 6: 00007FF647FC5D76 
 7: 00007FF647FC53C6 
 8: 00007FF647FD6352 
 9: 00007FF647FD5E7B 
10: 00007FF64943E7ED 
11: 00007FF647FC1460 
12: 00007FF647B799AE 
13: 00007FF647B7770C 
14: 00007FF647B7D3B6 
15: 00007FF647B783F8 
16: 00007FF647B778EE 
17: 00007FF647B7D3B6 
18: 00007FF647B783F8 
19: 00007FF647B778EE 
20: 00007FF647B7D3B6 
21: 00007FF647B783F8 
22: 00007FF647B778EE 
23: 00007FF647B7D3B6 
24: 00007FF647B783F8 
25: 00007FF647B778EE 
26: 00007FF647B7D3B6 
27: 00007FF647B783F8 
28: 00007FF647B778EE 
29: 00007FF647B7D3B6 
30: 00007FF647B783F8 
31: 00007FF647B778EE 
32: 00007FF647B7D3B6 
33: 00007FF647B783F8 
34: 00007FF647B778EE 
35: 00007FF647B7D3B6 
36: 00007FF647B783F8 
37: 00007FF647B778EE 
38: 00007FF647B7D3B6 
39: 00007FF647B783F8 
40: 00007FF647B778EE 
41: 00007FF647B7D3B6 
42: 00007FF647B783F8 
43: 00007FF647B778EE 
44: 00007FF647B7D3B6 
45: 00007FF647B783F8 
46: 00007FF647B778EE 
47: 00007FF647B7D3B6 
48: 00007FF647B783F8 
49: 00007FF647B778EE 
50: 00007FF647B7C094 
51: 00007FF647B77DE7 
52: 00007FF647B77C9A 
53: 00007FF647B74FF7 
54: 00007FF647B74F74 
55: 00007FF647B85BC5 
56: 00007FF64814377E 
57: 00007FF6481CC793 
58: 00007FF6475AA340 
59: 00007FF6475AAEF2 
60: 00007FF6475ACF76 
61: 000001E2F968F64D 

<--- Last few GCs --->

[48840:0000029AC5848000]       53 ms: Scavenge 6.4 (9.0) -> 5.5 (10.6) MB, pooled: 0 MB, 0.63 / 0.00 ms  (average mu = 1.000, current mu = 1.000) allocation failure; 
[48840:0000029AC5848000]      105 ms: Scavenge 8.7 (11.9) -> 7.8 (11.9) MB, pooled: 0 MB, 0.69 / 0.00 ms  (average mu = 1.000, current mu = 1.000) allocation failure; 
[48840:0000029AC5848000]      141 ms: Scavenge 9.9 (13.7) -> 9.2 (14.2) MB, pooled: 1 MB, 0.97 / 0.00 ms  (average mu = 1.000, current mu = 1.000) allocation failure; 

FATAL ERROR: Committing semi space failed. Allocation failed - JavaScript heap out of memory
----- Native stack trace -----

 1: 00007FF64757AD5F 
 2: 00007FF6481C32D7 
 3: 00007FF647FC3997 
 4: 00007FF647F5C3BB 
 5: 00007FF647F33E0E 
 6: 00007FF647FC6432 
 7: 00007FF647FC53E7 
 8: 00007FF647FD6352 
 9: 00007FF647FD5E7B 
10: 00007FF64943E7ED 
11: 00007FF647FC1460 
12: 00007FF647FDBCEA 
13: 00007FF647FE8186 
14: 00007FF647BBB1E7 
15: 0000029AFDF3733A 

<--- Last few GCs --->

[47508:000002332C525000]       65 ms: Scavenge 6.4 (8.8) -> 5.5 (10.3) MB, pooled: 0 MB, 0.64 / 0.00 ms  (average mu = 1.000, current mu = 1.000) allocation failure; 
[47508:000002332C525000]      115 ms: Scavenge 8.7 (11.7) -> 7.9 (11.7) MB, pooled: 0 MB, 0.73 / 0.00 ms  (average mu = 1.000, current mu = 1.000) allocation failure; 
[47508:000002332C525000]      155 ms: Scavenge 9.9 (13.2) -> 9.2 (13.7) MB, pooled: 1 MB, 1.04 / 0.00 ms  (average mu = 1.000, current mu = 1.000) allocation failure; 

FATAL ERROR: Committing semi space failed. Allocation failed - JavaScript heap out of memory
----- Native stack trace -----

 1: 00007FF64757AD5F 
 2: 00007FF6481C32D7 
 3: 00007FF647FC3997 
 4: 00007FF647F5C3BB 
 5: 00007FF647F33E0E 
 6: 00007FF647FC6432 
 7: 00007FF647FC53E7 
 8: 00007FF647FD6352 
 9: 00007FF647FD5E7B 
10: 00007FF64943E7ED 
11: 00007FF647FC1460 
12: 00007FF647FDBCEA 
13: 00007FF647FE8186 
14: 00007FF647BBB1E7 
15: 00000233644F733A 

<--- Last few GCs --->

[14828:000002AC80559000]       98 ms: Scavenge 8.7 (11.7) -> 7.8 (11.9) MB, pooled: 0 MB, 0.67 / 0.00 ms  (average mu = 1.000, current mu = 1.000) allocation failure; 
[14828:000002AC80559000]      144 ms: Scavenge 9.9 (13.4) -> 9.3 (13.9) MB, pooled: 0 MB, 1.01 / 0.00 ms  (average mu = 1.000, current mu = 1.000) allocation failure; 
[14828:000002AC80559000]      212 ms: Scavenge 10.9 (13.9) -> 10.1 (16.9) MB, pooled: 0 MB, 32.06 / 0.00 ms  (average mu = 1.000, current mu = 1.000) allocation failure; 

FATAL ERROR: Committing semi space failed. Allocation failed - JavaScript heap out of memory
----- Native stack trace -----

 1: 00007FF64757AD5F 
 2: 00007FF6481C32D7 
 3: 00007FF647FC3997 
 4: 00007FF647F5C3BB 
 5: 00007FF647F33E0E 
 6: 00007FF647FC6432 
 7: 00007FF647FC53E7 
 8: 00007FF647FD6352 
 9: 00007FF647FD5E7B 
10: 00007FF64943E7ED 
11: 00007FF647FC1460 
12: 00007FF647FDBCEA 
13: 00007FF647FE7B48 
14: 00007FF648002E55 
15: 00007FF648002DBC 
16: 00007FF647FE9C99 
17: 00007FF647FE9E92 
18: 00007FF6481C30D2 
19: 00007FF647555F35 
20: 000002ACB840F64D 

<--- Last few GCs --->

[41456:00000202C0756000]       50 ms: Scavenge 6.4 (8.8) -> 5.5 (10.3) MB, pooled: 0 MB, 0.69 / 0.00 ms  (average mu = 1.000, current mu = 1.000) allocation failure; 
[41456:00000202C0756000]      102 ms: Scavenge 8.8 (11.7) -> 7.9 (11.9) MB, pooled: 0 MB, 1.27 / 0.00 ms  (average mu = 1.000, current mu = 1.000) allocation failure; 
[41456:00000202C0756000]      137 ms: Scavenge 10.0 (12.9) -> 9.2 (13.2) MB, pooled: 2 MB, 0.81 / 0.00 ms  (average mu = 1.000, current mu = 1.000) allocation failure; 

FATAL ERROR: Committing semi space failed. Allocation failed - JavaScript heap out of memory
----- Native stack trace -----

 1: 00007FF64757AD5F 
 2: 00007FF6481C32D7 
 3: 00007FF647FC3997 
 4: 00007FF647F5C3BB 
 5: 00007FF647F33E0E 
 6: 00007FF647FC6432 
 7: 00007FF647FC53E7 
 8: 00007FF647FD6352 
 9: 00007FF647FD5E7B 
10: 00007FF64943E7ED 
11: 00007FF647FC1460 
12: 00007FF647FDBCEA 
13: 00007FF647FE7B48 
14: 00007FF647FFF817 
15: 00007FF647FF3F0C 
16: 00007FF647FF3D49 
17: 00007FF647BB7A3C 
18: 00007FF647BB65D7 
19: 00000202F86B733A 

<--- Last few GCs --->

[54620:000001A094239000]      150 ms: Scavenge 9.9 (13.4) -> 9.3 (17.9) MB, pooled: 0 MB, 1.13 / 0.00 ms  (average mu = 1.000, current mu = 1.000) allocation failure; 
[54620:000001A094239000]      198 ms: Scavenge 11.6 (17.9) -> 10.5 (18.7) MB, pooled: 0 MB, 2.63 / 0.00 ms  (average mu = 1.000, current mu = 1.000) allocation failure; 
[54620:000001A094239000]      317 ms: Scavenge 10.5 (18.7) -> 10.5 (19.7) MB, pooled: 0 MB, 119.02 / 0.00 ms  (average mu = 1.000, current mu = 1.000) allocation failure; 

FATAL ERROR: MarkCompactCollector: young object promotion failed Allocation failed - JavaScript heap out of memory
----- Native stack trace -----

 1: 00007FF64757AD5F 
 2: 00007FF6481C32D7 
 3: 00007FF647FC3997 
 4: 00007FF647FA32AE 
 5: 00007FF647F9896D 
 6: 00007FF647F9861C 
 7: 00007FF647F98261 
 8: 00007FF647FAA758 
 9: 00007FF64899593F 
10: 00007FF6474CADCE 
11: 00007FF648218646 
12: 00007FF649459FB3 
13: 00007FFDC4097374 
14: 00007FFDC54DCC91 

<--- Last few GCs --->

[59592:0000016B63A07000]       45 ms: Scavenge 6.4 (9.0) -> 5.5 (10.6) MB, pooled: 0 MB, 0.66 / 0.00 ms  (average mu = 1.000, current mu = 1.000) allocation failure; 
[59592:0000016B63A07000]       93 ms: Scavenge 8.8 (11.9) -> 7.9 (12.4) MB, pooled: 0 MB, 0.72 / 0.00 ms  (average mu = 1.000, current mu = 1.000) allocation failure; 
[59592:0000016B63A07000]      130 ms: Scavenge 10.0 (13.2) -> 9.2 (17.4) MB, pooled: 0 MB, 0.86 / 0.00 ms  (average mu = 1.000, current mu = 1.000) allocation failure; 

FATAL ERROR: NewSpace::EnsureCurrentCapacity Allocation failed - JavaScript heap out of memory
----- Native stack trace -----

 1: 00007FF64757AD5F 
 2: 00007FF6481C32D7 
 3: 00007FF647FC3997 
 4: 00007FF647F84433 
 5: 00007FF647FC5D9A 
 6: 00007FF647FC53C6 
 7: 00007FF647FD6352 
 8: 00007FF647FD5E7B 
 9: 00007FF64943E7ED 
10: 00007FF647FC1460 
11: 00007FF648045139 
12: 00007FF647BBAEB8 
13: 0000016B1FE7733A 

<--- Last few GCs --->

[56552:000001B627DD7000]       45 ms: Scavenge 6.4 (8.8) -> 5.5 (10.3) MB, pooled: 0 MB, 0.70 / 0.00 ms  (average mu = 1.000, current mu = 1.000) allocation failure; 
[56552:000001B627DD7000]       92 ms: Scavenge 8.7 (11.7) -> 7.8 (11.7) MB, pooled: 0 MB, 0.79 / 0.00 ms  (average mu = 1.000, current mu = 1.000) allocation failure; 
[56552:000001B627DD7000]      137 ms: Scavenge 9.9 (13.4) -> 9.3 (17.9) MB, pooled: 0 MB, 1.12 / 0.00 ms  (average mu = 1.000, current mu = 1.000) allocation failure; 

FATAL ERROR: MarkCompactCollector: young object promotion failed Allocation failed - JavaScript heap out of memory
----- Native stack trace -----


<--- Last few GCs --->

[56552:000001B627DD7000]       45 ms: Scavenge 6.4 (8.8) -> 5.5 (10.3) MB, pooled: 0 MB, 0.70 / 0.00 ms  (average mu = 1.000, current mu = 1.000) allocation failure; 
[56552:000001B627DD7000]       92 ms: Scavenge 8.7 (11.7) -> 7.8 (11.7) MB, pooled: 0 MB, 0.79 / 0.00 ms  (average mu = 1.000, current mu = 1.000) allocation failure; 
[56552:000001B627DD7000]      137 ms: Scavenge 9.9 (13.4) -> 9.3 (17.9) MB, pooled: 0 MB, 1.12 / 0.00 ms  (average mu = 1.000, current mu = 1.000) allocation failure; 

FATAL ERROR: MarkCompactCollector: young object promotion failed Allocation failed - JavaScript heap out of memory
----- Native stack trace -----

 1: 00007FF64757AD5F 
 2: 00007FF6481C32D7 
 3: 00007FF647FC3997 
 4: 00007FF647FA32AE 
 5: 00007FF647F9896D 
 6: 00007FF647F9861C 
 7: 00007FF647F98261 
 8: 00007FF647FAA758 
 9: 00007FF64899593F 
10: 00007FF6474CADCE 
11: 00007FF648218646 
12: 00007FF649459FB3 
13: 00007FFDC4097374 
14: 00007FFDC54DCC91 

<--- Last few GCs --->

[43732:000001F877F28000]       46 ms: Scavenge 6.4 (9.0) -> 5.5 (10.6) MB, pooled: 0 MB, 0.70 / 0.00 ms  (average mu = 1.000, current mu = 1.000) allocation failure; 
[43732:000001F877F28000]      104 ms: Scavenge 8.8 (11.9) -> 8.0 (12.7) MB, pooled: 0 MB, 0.72 / 0.00 ms  (average mu = 1.000, current mu = 1.000) allocation failure; 
[43732:000001F877F28000]      144 ms: Scavenge 10.0 (12.9) -> 9.3 (17.7) MB, pooled: 0 MB, 1.07 / 0.00 ms  (average mu = 1.000, current mu = 1.000) allocation failure; 

FATAL ERROR: NewSpace::EnsureCurrentCapacity Allocation failed - JavaScript heap out of memory
----- Native stack trace -----

 1: 00007FF64757AD5F 
 2: 00007FF6481C32D7 
 3: 00007FF647FC3997 
 4: 00007FF647F84433 
 5: 00007FF647FC5D9A 
 6: 00007FF647FC53C6 
 7: 00007FF647FD6352 
 8: 00007FF647FD5E7B 
 9: 00007FF64943E7ED 
10: 00007FF647FC1460 
11: 00007FF647FE7BC6 
12: 00007FF648003A32 
13: 00007FF647CCA110 
14: 00007FF6481A81EA 
15: 00007FF6481A88F1 
16: 00007FF64813E80E 
17: 00007FF64813E11D 
18: 00007FF64813EBAC 
19: 00007FF647D91677 
20: 00007FF647D912FF 
21: 00007FF647D91853 
22: 00007FF647D6E568 
23: 00007FF647BB1DF4 
24: 000001F837E7733A 

<--- Last few GCs --->

[16460:0000021F3525C000]       44 ms: Scavenge 6.4 (8.5) -> 5.5 (10.1) MB, pooled: 0 MB, 0.69 / 0.00 ms  (average mu = 1.000, current mu = 1.000) allocation failure; 
[16460:0000021F3525C000]       91 ms: Scavenge 8.7 (11.7) -> 7.8 (11.7) MB, pooled: 0 MB, 0.72 / 0.00 ms  (average mu = 1.000, current mu = 1.000) allocation failure; 
[16460:0000021F3525C000]      133 ms: Scavenge 9.9 (13.4) -> 9.2 (13.7) MB, pooled: 2 MB, 0.97 / 0.00 ms  (average mu = 1.000, current mu = 1.000) allocation failure; 

FATAL ERROR: Zone Allocation failed - process out of memory
----- Native stack trace -----


<--- Last few GCs --->

[16460:0000021F3525C000]       91 ms: Scavenge 8.7 (11.7) -> 7.8 (11.7) MB, pooled: 0 MB, 0.72 / 0.00 ms  (average mu = 1.000, current mu = 1.000) allocation failure; 
[16460:0000021F3525C000]      133 ms: Scavenge 9.9 (13.4) -> 9.2 (13.7) MB, pooled: 2 MB, 0.97 / 0.00 ms  (average mu = 1.000, current mu = 1.000) allocation failure; 
[16460:0000021F3525C000]      196 ms: Scavenge 10.9 (13.9) -> 10.1 (16.4) MB, pooled: 0 MB, 18.60 / 0.00 ms  (average mu = 1.000, current mu = 1.000) allocation failure; 

FATAL ERROR: Zone Allocation failed - process out of memory
----- Native stack trace -----

 1: 00007FF64757AD5F 
 2: 00007FF6481C32D7 
 3: 00007FF647B3E076 
 4: 00007FF648B43EA0 
 5: 00007FF64896D179 
 6: 00007FF647A36226 
 7: 00007FF647A13B1F 
 8: 00007FF64813F583 
 9: 00007FF64814165A 
10: 00007FF647BC4711 
11: 00007FF647BC280F 
12: 0000021F6D1B733A 


#
# Fatal process out of memory: Re-embedded builtins: set permissions
#
----- Native stack trace -----

 1: 00007FF6474CEF0D 
 2: 00007FF648921D66 
 3: 00007FF6481C32B6 
 4: 00007FF64802A22E 
 5: 00007FF64805D80F 
 6: 00007FF64805E2C2 
 7: 00007FF64805ECA2 
 8: 00007FF647B5C263 
 9: 00007FF6481EE496 
10: 00007FF647688C5D 
11: 00007FF6473E5B84 
12: 00007FF6473E4F19 
13: 00007FF6473EEC30 
14: 00007FF648218646 
15: 00007FF649459FB3 
16: 00007FFDC4097374 
17: 00007FFDC54DCC91 


#
# Fatal process out of memory: Re-embedded builtins: set permissions
#
----- Native stack trace -----

 1: 00007FF6474CEF0D 
 2: 00007FF648921D66 
 3: 00007FF6481C32B6 
 4: 00007FF64802A22E 
 5: 00007FF64805D80F 
 6: 00007FF64805E2C2 
 7: 00007FF64805ECA2 
 8: 00007FF647B5C263 
 9: 00007FF6481EE496 
10: 00007FF647688C5D 
11: 00007FF6473E5B84 
12: 00007FF6473E4F19 
13: 00007FF6473EEC30 
14: 00007FF648218646 
15: 00007FF649459FB3 
16: 00007FFDC4097374 BaseThreadInitThunk+20
17: 00007FFDC54DCC91 
memory allocation of 2097152 bytes failed
[?25h
Warning: command "next dev" exited with non-zero status codeTask "web:dev" is continuous but exited with code 3221226505

[2m[31m[39m[22m

[7m[1m[31m NX [39m[22m[27m  [31mRunning target [1mdev[22m for project web failed[39m

[2mFailed tasks:[22m

[2m-[22m web:dev

[2mHint: run the command with[22m --verbose [2mfor more details.[22m

